0.0,142.45799986100647
0.002,200.0
0.004,200.0
0.006,200.0
0.008,200.0
0.01,200.0
0.012,200.0
0.014,200.0
0.016,200.0
0.018000000000000002,200.0
0.02,200.0
0.022,200.0
0.024,200.0
0.026000000000000002,200.0
0.028,200.0
0.03,200.0
0.032,200.0
0.034,200.0
0.036000000000000004,200.0
0.038,200.0
0.04,200.0
0.042,200.0
0.044,200.0
0.046,200.0
0.048,200.0
0.05,200.0
0.052000000000000005,200.0
0.054,200.0
0.056,200.0
0.058,200.0
0.06,200.0
0.062,200.0
0.064,200.0
0.066,200.0
0.068,200.0
0.07,200.0
0.07200000000000001,200.0
0.074,200.0
0.076,200.0
0.078,200.0
0.08,200.0
0.082,200.0
0.084,200.0
0.08600000000000001,200.0
0.088,200.0
0.09,200.0
0.092,200.0
0.094,200.0
0.096,200.0
0.098,200.0
0.1,200.0
0.10200000000000001,200.0
0.10400000000000001,200.0
0.106,200.0
0.108,200.0
0.11,200.0
0.112,200.0
0.114,200.0
0.116,200.0
0.11800000000000001,200.0
0.12,200.0
0.122,200.0
0.124,200.0
0.126,200.0
0.128,200.0
0.13,200.0
0.132,200.0
0.134,200.0
0.136,200.0
0.138,200.0
0.14,200.0
0.14200000000000002,200.0
0.14400000000000002,200.0
0.146,200.0
0.148,200.0
0.15,200.0
0.152,200.0
0.154,200.0
0.156,200.0
0.158,200.0
0.16,200.0
0.162,200.0
0.164,200.0
0.166,200.0
0.168,200.0
0.17,200.0
0.17200000000000001,200.0
0.17400000000000002,200.0
0.176,200.0
0.178,200.0
0.18,200.0
0.182,200.0
0.184,200.0
0.186,200.0
0.188,200.0
0.19,200.0
0.192,200.0
0.194,200.0
0.196,200.0
0.198,200.0
0.2,200.0
0.202,200.0
0.20400000000000001,200.0
0.20600000000000002,200.0
0.20800000000000002,200.0
0.21,200.0
0.212,200.0
0.214,200.0
0.216,200.0
0.218,200.0
0.22,200.0
0.222,200.0
0.224,200.0
0.226,200.0
0.228,200.0
0.23,200.0
0.232,200.0
0.234,200.0
0.23600000000000002,200.0
0.23800000000000002,200.0
0.24,200.0
0.242,200.0
0.244,200.0
0.246,200.0
0.248,200.0
0.25,200.0
0.252,200.0
0.254,200.0
0.256,200.0
0.258,200.0
0.26,200.0
0.262,200.0
0.264,200.0
0.266,200.0
0.268,200.0
0.27,200.0
0.272,200.0
0.274,200.0
0.276,200.0
0.278,200.0
0.28,200.0
0.28200000000000003,200.0
0.28400000000000003,200.0
0.28600000000000003,200.0
0.28800000000000003,200.0
0.29,200.0
0.292,200.0
0.294,200.0
0.296,200.0
0.298,200.0
0.3,200.0
0.302,200.0
0.304,200.0
0.306,200.0
0.308,200.0
0.31,200.0
0.312,200.0
0.314,200.0
0.316,200.0
0.318,200.0
0.32,200.0
0.322,200.0
0.324,200.0
0.326,200.0
0.328,200.0
0.33,200.0
0.332,200.0
0.334,200.0
0.336,200.0
0.338,200.0
0.34,200.0
0.342,200.0
0.34400000000000003,200.0
0.34600000000000003,200.0
0.34800000000000003,200.0
0.35000000000000003,200.0
0.352,200.0
0.354,200.0
0.356,200.0
0.358,200.0
0.36,200.0
0.362,200.0
0.364,200.0
0.366,200.0
0.368,200.0
0.37,200.0
0.372,200.0
0.374,200.0
0.376,200.0
0.378,200.0
0.38,200.0
0.382,200.0
0.384,200.0
0.386,200.0
0.388,200.0
0.39,200.0
0.392,200.0
0.394,200.0
0.396,200.0
0.398,200.0
0.4,200.0
0.402,200.0
0.404,200.0
0.406,200.0
0.40800000000000003,200.0
0.41000000000000003,200.0
0.41200000000000003,200.0
0.41400000000000003,200.0
0.41600000000000004,200.0
0.418,200.0
0.42,200.0
0.422,200.0
0.424,200.0
0.426,200.0
0.428,200.0
0.43,200.0
0.432,200.0
0.434,200.0
0.436,200.0
0.438,200.0
0.44,200.0
0.442,200.0
0.444,200.0
0.446,200.0
0.448,200.0
0.45,200.0
0.452,200.0
0.454,200.0
0.456,200.0
0.458,200.0
0.46,200.0
0.462,200.0
0.464,200.0
0.466,200.0
0.468,200.0
0.47000000000000003,200.0
0.47200000000000003,200.0
0.47400000000000003,200.0
0.47600000000000003,200.0
0.47800000000000004,200.0
0.48,200.0
0.482,200.0
0.484,200.0
0.486,200.0
0.488,200.0
0.49,200.0
0.492,200.0
0.494,200.0
0.496,200.0
0.498,200.0
0.5,200.0
0.502,200.0
0.504,200.0
0.506,200.0
0.508,200.0
0.51,200.0
0.512,200.0
0.514,200.0
0.516,200.0
0.518,200.0
0.52,200.0
0.522,200.0
0.524,200.0
0.526,200.0
0.528,200.0
0.53,200.0
0.532,200.0
0.534,200.0
0.536,200.0
0.538,200.0
0.54,200.0
0.542,200.0
0.544,200.0
0.546,200.0
0.548,200.0
0.55,200.0
0.552,200.0
0.554,200.0
0.556,200.0
0.558,200.0
0.56,200.0
0.562,200.0
0.5640000000000001,200.0
0.5660000000000001,200.0
0.5680000000000001,200.0
0.5700000000000001,200.0
0.5720000000000001,200.0
0.5740000000000001,200.0
0.5760000000000001,200.0
0.578,200.0
0.58,200.0
0.582,200.0
0.584,200.0
0.586,200.0
0.588,200.0
0.59,200.0
0.592,200.0
0.594,200.0
0.596,200.0
0.598,200.0
0.6,200.0
0.602,200.0
0.604,200.0
0.606,200.0
0.608,200.0
0.61,200.0
0.612,200.0
0.614,200.0
0.616,200.0
0.618,200.0
0.62,200.0
0.622,200.0
0.624,200.0
0.626,200.0
0.628,200.0
0.63,200.0
0.632,200.0
0.634,200.0
0.636,200.0
0.638,200.0
0.64,200.0
0.642,200.0
0.644,200.0
0.646,200.0
0.648,200.0
0.65,200.0
0.652,200.0
0.654,200.0
0.656,200.0
0.658,200.0
0.66,200.0
0.662,200.0
0.664,200.0
0.666,200.0
0.668,200.0
0.67,200.0
0.672,200.0
0.674,200.0
0.676,200.0
0.678,200.0
0.68,200.0
0.682,200.0
0.684,200.0
0.686,200.0
0.6880000000000001,200.0
0.6900000000000001,200.0
0.6920000000000001,200.0
0.6940000000000001,200.0
0.6960000000000001,200.0
0.6980000000000001,200.0
0.7000000000000001,200.0
0.7020000000000001,200.0
0.704,200.0
0.706,200.0
0.708,200.0
0.71,200.0
0.712,200.0
0.714,200.0
0.716,200.0
0.718,200.0
0.72,200.0
0.722,200.0
0.724,200.0
0.726,200.0
0.728,200.0
0.73,200.0
0.732,200.0
0.734,200.0
0.736,200.0
0.738,200.0
0.74,200.0
0.742,200.0
0.744,200.0
0.746,200.0
0.748,200.0
0.75,200.0
0.752,200.0
0.754,200.0
0.756,200.0
0.758,200.0
0.76,200.0
0.762,200.0
0.764,200.0
0.766,200.0
0.768,200.0
0.77,200.0
0.772,200.0
0.774,200.0
0.776,200.0
0.778,200.0
0.78,200.0
0.782,200.0
0.784,200.0
0.786,200.0
0.788,200.0
0.79,200.0
0.792,200.0
0.794,200.0
0.796,200.0
0.798,200.0
0.8,200.0
0.802,200.0
0.804,200.0
0.806,200.0
0.808,200.0
0.81,200.0
0.812,200.0
0.8140000000000001,200.0
0.8160000000000001,200.0
0.8180000000000001,200.0
0.8200000000000001,200.0
0.8220000000000001,200.0
0.8240000000000001,200.0
0.8260000000000001,200.0
0.8280000000000001,200.0
0.8300000000000001,200.0
0.8320000000000001,200.0
0.834,200.0
0.836,200.0
0.838,200.0
0.84,200.0
0.842,200.0
0.844,200.0
0.846,200.0
0.848,200.0
0.85,200.0
0.852,200.0
0.854,200.0
0.856,200.0
0.858,200.0
0.86,200.0
0.862,200.0
0.864,200.0
0.866,200.0
0.868,200.0
0.87,200.0
0.872,200.0
0.874,200.0
0.876,200.0
0.878,200.0
0.88,200.0
0.882,200.0
0.884,200.0
0.886,200.0
0.888,200.0
0.89,200.0
0.892,200.0
0.894,200.0
0.896,200.0
0.898,200.0
0.9,200.0
0.902,200.0
0.904,200.0
0.906,200.0
0.908,200.0
0.91,200.0
0.912,200.0
0.914,200.0
0.916,200.0
0.918,200.0
0.92,200.0
0.922,200.0
0.924,200.0
0.926,200.0
0.928,200.0
0.93,200.0
0.932,200.0
0.934,200.0
0.936,200.0
0.9380000000000001,200.0
0.9400000000000001,200.0
0.9420000000000001,200.0
0.9440000000000001,200.0
0.9460000000000001,200.0
0.9480000000000001,200.0
0.9500000000000001,200.0
0.9520000000000001,200.0
0.9540000000000001,200.0
0.9560000000000001,200.0
0.9580000000000001,200.0
0.96,200.0
0.962,200.0
0.964,200.0
0.966,200.0
0.968,200.0
0.97,200.0
0.972,200.0
0.974,200.0
0.976,200.0
0.978,200.0
0.98,200.0
0.982,200.0
0.984,200.0
0.986,200.0
0.988,200.0
0.99,200.0
0.992,200.0
0.994,200.0
0.996,200.0
0.998,200.0
1.0,200.0
1.002,200.0
1.004,200.0
1.006,200.0
1.008,200.0
1.01,200.0
1.012,200.0
1.014,200.0
1.016,200.0
1.018,200.0
1.02,200.0
1.022,200.0
1.024,200.0
1.026,200.0
1.028,200.0
1.03,200.0
1.032,200.0
1.034,200.0
1.036,200.0
1.038,200.0
1.04,200.0
1.042,200.0
1.044,200.0
1.046,200.0
1.048,200.0
1.05,200.0
1.052,200.0
1.054,200.0
1.056,200.0
1.058,200.0
1.06,200.0
1.062,200.0
1.064,200.0
1.066,200.0
1.068,200.0
1.07,200.0
1.072,200.0
1.074,200.0
1.076,200.0
1.078,200.0
1.08,200.0
1.082,200.0
1.084,200.0
1.086,200.0
1.088,200.0
1.09,200.0
1.092,200.0
1.094,200.0
1.096,200.0
1.098,200.0
1.1,200.0
1.102,200.0
1.104,200.0
1.106,200.0
1.108,200.0
1.11,200.0
1.112,200.0
1.114,200.0
1.116,200.0
1.118,200.0
1.12,200.0
1.122,200.0
1.124,200.0
1.1260000000000001,200.0
1.1280000000000001,200.0
1.1300000000000001,200.0
1.1320000000000001,200.0
1.1340000000000001,200.0
1.1360000000000001,200.0
1.1380000000000001,200.0
1.1400000000000001,200.0
1.1420000000000001,200.0
1.1440000000000001,200.0
1.1460000000000001,200.0
1.1480000000000001,200.0
1.1500000000000001,200.0
1.1520000000000001,200.0
1.154,200.0
1.156,200.0
1.158,200.0
1.16,200.0
1.162,200.0
1.164,200.0
1.166,200.0
1.168,200.0
1.17,200.0
1.172,200.0
1.174,200.0
1.176,200.0
1.178,200.0
1.18,200.0
1.182,200.0
1.184,200.0
1.186,200.0
1.188,200.0
1.19,200.0
1.192,200.0
1.194,200.0
1.196,200.0
1.198,200.0
1.2,200.0
1.202,200.0
1.204,200.0
1.206,200.0
1.208,200.0
1.21,200.0
1.212,200.0
1.214,200.0
1.216,200.0
1.218,200.0
1.22,200.0
1.222,200.0
1.224,200.0
1.226,200.0
1.228,200.0
1.23,200.0
1.232,200.0
1.234,200.0
1.236,200.0
1.238,200.0
1.24,200.0
1.242,200.0
1.244,200.0
1.246,200.0
1.248,200.0
1.25,200.0
1.252,200.0
1.254,200.0
1.256,200.0
1.258,200.0
1.26,200.0
1.262,200.0
1.264,200.0
1.266,200.0
1.268,200.0
1.27,200.0
1.272,200.0
1.274,200.0
1.276,200.0
1.278,200.0
1.28,200.0
1.282,200.0
1.284,200.0
1.286,200.0
1.288,200.0
1.29,200.0
1.292,200.0
1.294,200.0
1.296,200.0
1.298,200.0
1.3,200.0
1.302,200.0
1.304,200.0
1.306,200.0
1.308,200.0
1.31,200.0
1.312,200.0
1.314,200.0
1.316,200.0
1.318,200.0
1.32,200.0
1.322,200.0
1.324,200.0
1.326,200.0
1.328,200.0
1.33,200.0
1.332,200.0
1.334,200.0
1.336,200.0
1.338,200.0
1.34,200.0
1.342,200.0
1.344,200.0
1.346,200.0
1.348,200.0
1.35,200.0
1.352,200.0
1.354,200.0
1.356,200.0
1.358,200.0
1.36,200.0
1.362,200.0
1.364,200.0
1.366,200.0
1.368,200.0
1.37,200.0
1.372,200.0
1.374,200.0
1.3760000000000001,200.0
1.3780000000000001,200.0
1.3800000000000001,200.0
1.3820000000000001,200.0
1.3840000000000001,200.0
1.3860000000000001,200.0
1.3880000000000001,200.0
1.3900000000000001,200.0
1.3920000000000001,200.0
1.3940000000000001,200.0
1.3960000000000001,200.0
1.3980000000000001,200.0
1.4000000000000001,200.0
1.4020000000000001,200.0
1.4040000000000001,200.0
1.4060000000000001,200.0
1.408,200.0
1.41,200.0
1.412,200.0
1.414,200.0
1.416,200.0
1.418,200.0
1.42,200.0
1.422,200.0
1.424,200.0
1.426,200.0
1.428,200.0
1.43,200.0
1.432,200.0
1.434,200.0
1.436,200.0
1.438,200.0
1.44,200.0
1.442,200.0
1.444,200.0
1.446,200.0
1.448,200.0
1.45,200.0
1.452,200.0
1.454,200.0
1.456,200.0
1.458,200.0
1.46,200.0
1.462,200.0
1.464,200.0
1.466,200.0
1.468,200.0
1.47,200.0
1.472,200.0
1.474,200.0
1.476,200.0
1.478,200.0
1.48,200.0
1.482,200.0
1.484,200.0
1.486,200.0
1.488,200.0
1.49,200.0
1.492,200.0
1.494,200.0
1.496,200.0
1.498,200.0
1.5,200.0
1.502,200.0
1.504,200.0
1.506,200.0
1.508,200.0
1.51,200.0
1.512,200.0
1.514,200.0
1.516,200.0
1.518,200.0
1.52,200.0
1.522,200.0
1.524,200.0
1.526,200.0
1.528,200.0
1.53,200.0
1.532,200.0
1.534,200.0
1.536,200.0
1.538,200.0
1.54,200.0
1.542,200.0
1.544,200.0
1.546,200.0
1.548,200.0
1.55,200.0
1.552,200.0
1.554,200.0
1.556,200.0
1.558,200.0
1.56,200.0
1.562,200.0
1.564,200.0
1.566,200.0
1.568,200.0
1.57,200.0
1.572,200.0
1.574,200.0
1.576,200.0
1.578,200.0
1.58,200.0
1.582,200.0
1.584,200.0
1.586,200.0
1.588,200.0
1.59,200.0
1.592,200.0
1.594,200.0
1.596,200.0
1.598,200.0
1.6,200.0
1.602,200.0
1.604,200.0
1.606,200.0
1.608,200.0
1.61,200.0
1.612,200.0
1.614,200.0
1.616,200.0
1.618,200.0
1.62,200.0
1.622,200.0
1.624,200.0
1.6260000000000001,200.0
1.6280000000000001,200.0
1.6300000000000001,200.0
1.6320000000000001,200.0
1.6340000000000001,200.0
1.6360000000000001,200.0
1.6380000000000001,200.0
1.6400000000000001,200.0
1.6420000000000001,200.0
1.6440000000000001,200.0
1.6460000000000001,200.0
1.6480000000000001,200.0
1.6500000000000001,200.0
1.6520000000000001,200.0
1.6540000000000001,200.0
1.6560000000000001,200.0
1.6580000000000001,200.0
1.6600000000000001,200.0
1.6620000000000001,200.0
1.6640000000000001,200.0
1.666,200.0
1.668,200.0
1.67,200.0
1.672,200.0
1.674,200.0
1.676,200.0
1.678,200.0
1.68,200.0
1.682,200.0
1.684,200.0
1.686,200.0
1.688,200.0
1.69,200.0
1.692,200.0
1.694,200.0
1.696,200.0
1.698,200.0
1.7,200.0
1.702,200.0
1.704,200.0
1.706,200.0
1.708,200.0
1.71,200.0
1.712,200.0
1.714,200.0
1.716,200.0
1.718,200.0
1.72,200.0
1.722,200.0
1.724,200.0
1.726,200.0
1.728,200.0
1.73,200.0
1.732,200.0
1.734,200.0
1.736,200.0
1.738,200.0
1.74,200.0
1.742,200.0
1.744,200.0
1.746,200.0
1.748,200.0
1.75,200.0
1.752,200.0
1.754,200.0
1.756,200.0
1.758,200.0
1.76,200.0
1.762,200.0
1.764,200.0
1.766,200.0
1.768,200.0
1.77,200.0
1.772,200.0
1.774,200.0
1.776,200.0
1.778,200.0
1.78,200.0
1.782,200.0
1.784,200.0
1.786,200.0
1.788,200.0
1.79,200.0
1.792,200.0
1.794,200.0
1.796,200.0
1.798,200.0
1.8,200.0
1.802,200.0
1.804,200.0
1.806,200.0
1.808,200.0
1.81,200.0
1.812,200.0
1.814,200.0
1.816,200.0
1.818,200.0
1.82,200.0
1.822,200.0
1.824,200.0
1.826,200.0
1.828,200.0
1.83,200.0
1.832,200.0
1.834,200.0
1.836,200.0
1.838,200.0
1.84,200.0
1.842,200.0
1.844,200.0
1.846,200.0
1.848,200.0
1.85,200.0
1.852,200.0
1.854,200.0
1.856,200.0
1.858,200.0
1.86,200.0
1.862,200.0
1.864,200.0
1.866,200.0
1.868,200.0
1.87,200.0
1.872,200.0
1.874,200.0
1.8760000000000001,200.0
1.8780000000000001,200.0
1.8800000000000001,200.0
1.8820000000000001,200.0
1.8840000000000001,200.0
1.8860000000000001,200.0
1.8880000000000001,200.0
1.8900000000000001,200.0
1.8920000000000001,200.0
1.8940000000000001,200.0
1.8960000000000001,200.0
1.8980000000000001,200.0
1.9000000000000001,200.0
1.9020000000000001,200.0
1.9040000000000001,200.0
1.9060000000000001,200.0
1.9080000000000001,200.0
1.9100000000000001,200.0
1.9120000000000001,200.0
1.9140000000000001,200.0
1.9160000000000001,200.0
1.9180000000000001,200.0
1.92,200.0
1.922,200.0
1.924,200.0
1.926,200.0
1.928,200.0
1.93,200.0
1.932,200.0
1.934,200.0
1.936,200.0
1.938,200.0
1.94,200.0
1.942,200.0
1.944,200.0
1.946,200.0
1.948,200.0
1.95,200.0
1.952,200.0
1.954,200.0
1.956,200.0
1.958,200.0
1.96,200.0
1.962,200.0
1.964,200.0
1.966,200.0
1.968,200.0
1.97,200.0
1.972,200.0
1.974,200.0
1.976,200.0
1.978,200.0
1.98,200.0
1.982,200.0
1.984,200.0
1.986,200.0
1.988,200.0
1.99,200.0
1.992,200.0
1.994,200.0
1.996,200.0
1.998,200.0
2.0,200.0
2.0020000000000002,200.0
2.004,200.0
2.0060000000000002,200.0
2.008,200.0
2.0100000000000002,200.0
2.012,200.0
2.0140000000000002,200.0
2.016,200.0
2.0180000000000002,200.0
2.02,200.0
2.0220000000000002,200.0
2.024,200.0
2.0260000000000002,200.0
2.028,200.0
2.0300000000000002,200.0
2.032,200.0
2.0340000000000003,200.0
2.036,200.0
2.0380000000000003,200.0
2.04,200.0
2.0420000000000003,200.0
2.044,200.0
2.0460000000000003,200.0
2.048,200.0
2.05,200.0
2.052,200.0
2.054,200.0
2.056,200.0
2.058,200.0
2.06,200.0
2.062,200.0
2.064,200.0
2.066,200.0
2.068,200.0
2.07,200.0
2.072,200.0
2.074,200.0
2.076,200.0
2.078,200.0
2.08,200.0
2.082,200.0
2.084,200.0
2.086,200.0
2.088,200.0
2.09,200.0
2.092,200.0
2.094,200.0
2.096,200.0
2.098,200.0
2.1,200.0
2.102,200.0
2.104,200.0
2.106,200.0
2.108,200.0
2.11,200.0
2.112,200.0
2.114,200.0
2.116,200.0
2.118,200.0
2.12,200.0
2.122,200.0
2.124,200.0
2.126,200.0
2.128,200.0
2.13,200.0
2.132,200.0
2.134,200.0
2.136,200.0
2.138,200.0
2.14,200.0
2.142,200.0
2.144,200.0
2.146,200.0
2.148,200.0
2.15,200.0
2.152,200.0
2.154,200.0
2.156,200.0
2.158,200.0
2.16,200.0
2.162,200.0
2.164,200.0
2.166,200.0
2.168,200.0
2.17,200.0
2.172,200.0
2.174,200.0
2.176,200.0
2.178,200.0
2.18,200.0
2.182,200.0
2.184,200.0
2.186,200.0
2.188,200.0
2.19,200.0
2.192,200.0
2.194,200.0
2.196,200.0
2.198,200.0
2.2,200.0
2.202,200.0
2.204,200.0
2.206,200.0
2.208,200.0
2.21,200.0
2.212,200.0
2.214,200.0
2.216,200.0
2.218,200.0
2.22,200.0
2.222,200.0
2.224,200.0
2.226,200.0
2.228,200.0
2.23,200.0
2.232,200.0
2.234,200.0
2.236,200.0
2.238,200.0
2.24,200.0
2.242,200.0
2.244,200.0
2.246,200.0
2.248,200.0
2.25,200.0
2.2520000000000002,200.0
2.254,200.0
2.2560000000000002,200.0
2.258,200.0
2.2600000000000002,200.0
2.262,200.0
2.2640000000000002,200.0
2.266,200.0
2.2680000000000002,200.0
2.27,200.0
2.2720000000000002,200.0
2.274,200.0
2.2760000000000002,200.0
2.278,200.0
2.2800000000000002,200.0
2.282,200.0
2.2840000000000003,200.0
2.286,200.0
2.2880000000000003,200.0
2.29,200.0
2.2920000000000003,200.0
2.294,200.0
2.2960000000000003,200.0
2.298,200.0
2.3000000000000003,200.0
2.302,200.0
2.3040000000000003,200.0
2.306,200.0
2.308,200.0
2.31,200.0
2.312,200.0
2.314,200.0
2.316,200.0
2.318,200.0
2.32,200.0
2.322,200.0
2.324,200.0
2.326,200.0
2.328,200.0
2.33,200.0
2.332,200.0
2.334,200.0
2.336,200.0
2.338,200.0
2.34,200.0
2.342,200.0
2.344,200.0
2.346,200.0
2.348,200.0
2.35,200.0
2.352,200.0
2.354,200.0
2.356,200.0
2.358,200.0
2.36,200.0
2.362,200.0
2.364,200.0
2.366,200.0
2.368,200.0
2.37,200.0
2.372,200.0
2.374,200.0
2.376,200.0
2.378,200.0
2.38,200.0
2.382,200.0
2.384,200.0
2.386,200.0
2.388,200.0
2.39,200.0
2.392,200.0
2.394,200.0
2.396,200.0
2.398,200.0
2.4,200.0
2.402,200.0
2.404,200.0
2.406,200.0
2.408,200.0
2.41,200.0
2.412,200.0
2.414,200.0
2.416,200.0
2.418,200.0
2.42,200.0
2.422,200.0
2.424,200.0
2.426,200.0
2.428,200.0
2.43,200.0
2.432,200.0
2.434,200.0
2.436,200.0
2.438,200.0
2.44,200.0
2.442,200.0
2.444,200.0
2.446,200.0
2.448,200.0
2.45,200.0
2.452,200.0
2.454,200.0
2.456,200.0
2.458,200.0
2.46,200.0
2.462,200.0
2.464,200.0
2.466,200.0
2.468,200.0
2.47,200.0
2.472,200.0
2.474,200.0
2.476,200.0
2.478,200.0
2.48,200.0
2.482,200.0
2.484,200.0
2.486,200.0
2.488,200.0
2.49,200.0
2.492,200.0
2.494,200.0
2.496,200.0
2.498,200.0
2.5,200.0
2.5020000000000002,200.0
2.504,200.0
2.5060000000000002,200.0
2.508,200.0
2.5100000000000002,200.0
2.512,200.0
2.5140000000000002,200.0
2.516,200.0
2.5180000000000002,200.0
2.52,200.0
2.5220000000000002,200.0
2.524,200.0
2.5260000000000002,200.0
2.528,200.0
2.5300000000000002,200.0
2.532,200.0
2.5340000000000003,200.0
2.536,200.0
2.5380000000000003,200.0
2.54,200.0
2.5420000000000003,200.0
2.544,200.0
2.5460000000000003,200.0
2.548,200.0
2.5500000000000003,200.0
2.552,200.0
2.5540000000000003,200.0
2.556,200.0
2.5580000000000003,200.0
2.56,200.0
2.562,200.0
2.564,200.0
2.566,200.0
2.568,200.0
2.57,200.0
2.572,200.0
2.574,200.0
2.576,200.0
2.578,200.0
2.58,200.0
2.582,200.0
2.584,200.0
2.586,200.0
2.588,200.0
2.59,200.0
2.592,200.0
2.594,200.0
2.596,200.0
2.598,200.0
2.6,200.0
2.602,200.0
2.604,200.0
2.606,200.0
2.608,200.0
2.61,200.0
2.612,200.0
2.614,200.0
2.616,200.0
2.618,200.0
2.62,200.0
2.622,200.0
2.624,200.0
2.626,200.0
2.628,200.0
2.63,200.0
2.632,200.0
2.634,200.0
2.636,200.0
2.638,200.0
2.64,200.0
2.642,200.0
2.644,200.0
2.646,200.0
2.648,200.0
2.65,200.0
2.652,200.0
2.654,200.0
2.656,200.0
2.658,200.0
2.66,200.0
2.662,200.0
2.664,200.0
2.666,200.0
2.668,200.0
2.67,200.0
2.672,200.0
2.674,200.0
2.676,200.0
2.678,200.0
2.68,200.0
2.682,200.0
2.684,200.0
2.686,200.0
2.688,200.0
2.69,200.0
2.692,200.0
2.694,200.0
2.696,200.0
2.698,200.0
2.7,200.0
2.702,200.0
2.704,200.0
2.706,200.0
2.708,200.0
2.71,200.0
2.712,200.0
2.714,200.0
2.716,200.0
2.718,200.0
2.72,200.0
2.722,200.0
2.724,200.0
2.726,200.0
2.728,200.0
2.73,200.0
2.732,200.0
2.734,200.0
2.736,200.0
2.738,200.0
2.74,200.0
2.742,200.0
2.744,200.0
2.746,200.0
2.748,200.0
2.75,200.0
2.7520000000000002,200.0
2.754,200.0
2.7560000000000002,200.0
2.758,200.0
2.7600000000000002,200.0
2.762,200.0
2.7640000000000002,200.0
2.766,200.0
2.7680000000000002,200.0
2.77,200.0
2.7720000000000002,200.0
2.774,200.0
2.7760000000000002,200.0
2.778,200.0
2.7800000000000002,200.0
2.782,200.0
2.7840000000000003,200.0
2.786,200.0
2.7880000000000003,200.0
2.79,200.0
2.7920000000000003,200.0
2.794,200.0
2.7960000000000003,200.0
2.798,200.0
2.8000000000000003,200.0
2.802,200.0
2.8040000000000003,200.0
2.806,200.0
2.8080000000000003,200.0
2.81,200.0
2.8120000000000003,200.0
2.814,200.0
2.816,200.0
2.818,200.0
2.82,200.0
2.822,200.0
2.824,200.0
2.826,200.0
2.828,200.0
2.83,200.0
2.832,200.0
2.834,200.0
2.836,200.0
2.838,200.0
2.84,200.0
2.842,200.0
2.844,200.0
2.846,200.0
2.848,200.0
2.85,200.0
2.852,200.0
2.854,200.0
2.856,200.0
2.858,200.0
2.86,200.0
2.862,200.0
2.864,200.0
2.866,200.0
2.868,200.0
2.87,200.0
2.872,200.0
2.874,200.0
2.876,200.0
2.878,200.0
2.88,200.0
2.882,200.0
2.884,200.0
2.886,200.0
2.888,200.0
2.89,200.0
2.892,200.0
2.894,200.0
2.896,200.0
2.898,200.0
2.9,200.0
2.902,200.0
2.904,200.0
2.906,200.0
2.908,200.0
2.91,200.0
2.912,200.0
2.914,200.0
2.916,200.0
2.918,200.0
2.92,200.0
2.922,200.0
2.924,200.0
2.926,200.0
2.928,200.0
2.93,200.0
2.932,200.0
2.934,200.0
2.936,200.0
2.938,200.0
2.94,200.0
2.942,200.0
2.944,200.0
2.946,200.0
2.948,200.0
2.95,200.0
2.952,200.0
2.954,200.0
2.956,200.0
2.958,200.0
2.96,200.0
2.962,200.0
2.964,200.0
2.966,200.0
2.968,200.0
2.97,200.0
2.972,200.0
2.974,200.0
2.976,200.0
2.978,200.0
2.98,200.0
2.982,200.0
2.984,200.0
2.986,200.0
2.988,200.0
2.99,200.0
2.992,200.0
2.994,200.0
2.996,200.0
2.998,200.0
3.0,200.0
3.0020000000000002,200.0
3.004,200.0
3.0060000000000002,200.0
3.008,200.0
3.0100000000000002,200.0
3.012,200.0
3.0140000000000002,200.0
3.016,200.0
3.0180000000000002,200.0
3.02,200.0
3.0220000000000002,200.0
3.024,200.0
3.0260000000000002,200.0
3.028,200.0
3.0300000000000002,200.0
3.032,200.0
3.0340000000000003,200.0
3.036,200.0
3.0380000000000003,200.0
3.04,200.0
3.0420000000000003,200.0
3.044,200.0
3.0460000000000003,200.0
3.048,200.0
3.0500000000000003,200.0
3.052,200.0
3.0540000000000003,200.0
3.056,200.0
3.0580000000000003,200.0
3.06,200.0
3.0620000000000003,200.0
3.064,200.0
3.0660000000000003,200.0
3.068,200.0
3.0700000000000003,200.0
3.072,200.0
3.074,200.0
3.076,200.0
3.078,200.0
3.08,200.0
3.082,200.0
3.084,200.0
3.086,200.0
3.088,200.0
3.09,200.0
3.092,200.0
3.094,200.0
3.096,200.0
3.098,200.0
3.1,200.0
3.102,200.0
3.104,200.0
3.106,200.0
3.108,200.0
3.11,200.0
3.112,200.0
3.114,200.0
3.116,200.0
3.118,200.0
3.12,200.0
3.122,200.0
3.124,200.0
3.126,200.0
3.128,200.0
3.13,200.0
3.132,200.0
3.134,200.0
3.136,200.0
3.138,200.0
3.14,200.0
3.142,200.0
3.144,200.0
3.146,200.0
3.148,200.0
3.15,200.0
3.152,200.0
3.154,200.0
3.156,200.0
3.158,200.0
3.16,200.0
3.162,200.0
3.164,200.0
3.166,200.0
3.168,200.0
3.17,200.0
3.172,200.0
3.174,200.0
3.176,200.0
3.178,200.0
3.18,200.0
3.182,200.0
3.184,200.0
3.186,200.0
3.188,200.0
3.19,200.0
3.192,200.0
3.194,200.0
3.196,200.0
3.198,200.0
3.2,200.0
3.202,200.0
3.204,200.0
3.206,200.0
3.208,200.0
3.21,200.0
3.212,200.0
3.214,200.0
3.216,200.0
3.218,200.0
3.22,200.0
3.222,200.0
3.224,200.0
3.226,200.0
3.228,200.0
3.23,200.0
3.232,200.0
3.234,200.0
3.236,200.0
3.238,200.0
3.24,200.0
3.242,200.0
3.244,200.0
3.246,200.0
3.248,200.0
3.25,194.62525484738967
3.2520000000000002,189.4824568397499
3.254,187.89601398915926
3.2560000000000002,190.36769052353927
3.258,197.344210258385
3.2600000000000002,200.0
3.262,200.0
3.2640000000000002,200.0
3.266,200.0
3.2680000000000002,200.0
3.27,200.0
3.2720000000000002,200.0
3.274,200.0
3.2760000000000002,200.0
3.278,200.0
3.2800000000000002,200.0
3.282,200.0
3.2840000000000003,200.0
3.286,200.0
3.2880000000000003,200.0
3.29,200.0
3.2920000000000003,200.0
3.294,200.0
3.2960000000000003,200.0
3.298,200.0
3.3000000000000003,200.0
3.302,200.0
3.3040000000000003,182.66234055650347
3.306,149.03160898854694
3.3080000000000003,109.5005938957588
3.31,69.2131064913873
3.3120000000000003,45.07150983368611
3.314,62.41655810295307
3.3160000000000003,95.76778318422564
3.318,124.9584023972829
3.3200000000000003,144.6597044957401
3.322,153.6198876576447
3.3240000000000003,152.62818954047313
3.326,144.58012490464716
3.3280000000000003,133.16811647187205
3.33,122.3032779920045
3.332,115.36059641944715
3.334,114.66173138856519
3.336,121.7278242535543
3.338,136.90822734687032
3.34,159.68952435940784
3.342,188.753668597918
3.344,200.0
3.346,200.0
3.348,200.0
3.35,200.0
3.352,200.0
3.354,200.0
3.356,200.0
3.358,200.0
3.36,200.0
3.362,200.0
3.364,200.0
3.366,200.0
3.368,200.0
3.37,200.0
3.372,200.0
3.374,200.0
3.376,200.0
3.378,200.0
3.38,200.0
3.382,200.0
3.384,200.0
3.386,200.0
3.388,200.0
3.39,200.0
3.392,200.0
3.394,200.0
3.396,200.0
3.398,200.0
3.4,200.0
3.402,200.0
3.404,200.0
3.406,200.0
3.408,200.0
3.41,200.0
3.412,200.0
3.414,200.0
3.416,200.0
3.418,200.0
3.42,200.0
3.422,200.0
3.424,200.0
3.426,200.0
3.428,200.0
3.43,200.0
3.432,200.0
3.434,200.0
3.436,200.0
3.438,200.0
3.44,200.0
3.442,200.0
3.444,200.0
3.446,200.0
3.448,200.0
3.45,200.0
3.452,200.0
3.454,200.0
3.456,200.0
3.458,200.0
3.46,170.90138711774122
3.462,115.98846191646832
3.464,72.9162008035778
3.466,48.36726047833034
3.468,46.253343929870894
3.47,54.30386299833514
3.472,61.46128932953131
3.474,64.91552631934859
3.476,65.0842389475363
3.478,62.93547958726735
3.48,59.40272364268686
3.482,55.18350941798856
3.484,50.69300993928421
3.486,46.54783104338374
3.488,45.04395711242899
3.49,51.283399108356065
3.492,70.20468376437515
3.494,101.91248269390417
3.496,144.06006902791276
3.498,193.73070630676904
3.5,200.0
3.5020000000000002,200.0
3.504,200.0
3.5060000000000002,200.0
3.508,200.0
3.5100000000000002,200.0
3.512,200.0
3.5140000000000002,200.0
3.516,200.0
3.5180000000000002,200.0
3.52,200.0
3.5220000000000002,200.0
3.524,200.0
3.5260000000000002,200.0
3.528,200.0
3.5300000000000002,200.0
3.532,200.0
3.5340000000000003,200.0
3.536,200.0
3.5380000000000003,200.0
3.54,200.0
3.5420000000000003,200.0
3.544,200.0
3.5460000000000003,200.0
3.548,200.0
3.5500000000000003,200.0
3.552,200.0
3.5540000000000003,200.0
3.556,200.0
3.5580000000000003,200.0
3.56,200.0
3.5620000000000003,128.2399646647609
3.564,55.443206888471416
3.5660000000000003,62.27971025981811
3.568,111.70033728016905
3.5700000000000003,148.2721808061117
3.572,165.48169265625282
3.5740000000000003,162.76222439000884
3.576,141.27326379903823
3.5780000000000003,104.95295411728324
3.58,61.734140923145944
3.5820000000000003,49.30906933129829
3.584,99.53879577242103
3.586,165.34622371406337
3.588,200.0
3.59,200.0
3.592,200.0
3.594,200.0
3.596,200.0
3.598,200.0
3.6,200.0
3.602,200.0
3.604,200.0
3.606,200.0
3.608,200.0
3.61,200.0
3.612,200.0
3.614,200.0
3.616,200.0
3.618,200.0
3.62,200.0
3.622,192.0723449182818
3.624,126.44416459502246
3.626,71.93233190286918
3.628,45.24822761276764
3.63,55.36713449025484
3.632,71.47139862351874
3.634,78.96070570866391
3.636,76.75838573781115
3.638,67.58898783010075
3.64,55.62873646473736
3.642,46.609930722595216
3.644,45.55174544848377
3.646,51.184269386792714
3.648,57.92611715800829
3.65,62.082341339380264
3.652,62.4263995825372
3.654,59.34423683534352
3.656,54.37495096171368
3.658,49.33175170812785
3.66,45.890188295504785
3.662,44.94233382225784
3.664,46.237846845003254
3.666,48.77710952796859
3.668,51.47130675877482
3.67,53.44919367399881
3.672,54.11027486368858
3.674,53.28172097298913
3.676,51.142922582159
3.678,48.32105918974065
3.68,45.888113212351364
3.682,44.92352247506623
3.684,46.02615818996871
3.686,48.97137736847995
3.688,52.967334508659256
3.69,57.090617797999506
3.692,60.6106729784548
3.694,62.95095283525179
3.696,63.684652318476935
3.698,62.64854229555188
3.7,59.85939137084486
3.702,55.65939208985926
3.704,50.8372954360948
3.706,46.6981452561752
3.708,44.92418143203842
3.71,46.74576706320032
3.712,52.00612002157201
3.714,59.428989223086674
3.716,67.63864002667732
3.718,75.65373368624637
3.72,82.89039301941598
3.722,89.01218358616107
3.724,93.85298052625676
3.726,97.35665838321319
3.728,99.59659246234662
3.73,100.71451810368366
3.732,100.87391384854031
3.734,100.28022368285964
3.736,99.11914546398825
3.738,97.60434102643204
3.74,96.08031854887743
3.742,94.92008383273281
3.744,94.49334467026249
3.746,95.04560117197899
3.748,96.56413016096583
3.75,98.75909289038086
3.7520000000000002,101.068082246688
3.754,102.88650792679745
3.7560000000000002,103.7375126439322
3.758,103.4023901138027
3.7600000000000002,101.93270649331205
3.762,99.51327747350273
3.7640000000000002,96.33190383602438
3.766,92.4712109871599
3.7680000000000002,87.97703281051666
3.77,82.9751390633101
3.7720000000000002,77.80286805863834
3.774,72.99443734963144
3.7760000000000002,68.98617987782387
3.778,65.9471050464034
3.7800000000000002,63.51212099470788
3.782,60.81155775363176
3.7840000000000003,56.69012966114384
3.786,50.52532647545864
3.7880000000000003,45.148641578530835
3.79,50.46610198297427
3.7920000000000003,75.08225698851493
3.794,115.17963202252353
3.7960000000000003,164.93529995304783
3.798,200.0
3.8000000000000003,200.0
3.802,200.0
3.8040000000000003,200.0
3.806,200.0
3.8080000000000003,200.0
3.81,200.0
3.8120000000000003,200.0
3.814,200.0
3.8160000000000003,200.0
3.818,200.0
3.8200000000000003,200.0
3.822,200.0
3.8240000000000003,200.0
3.826,200.0
3.8280000000000003,200.0
3.83,200.0
3.8320000000000003,200.0
3.834,200.0
3.8360000000000003,200.0
3.838,200.0
3.84,200.0
3.842,200.0
3.844,200.0
3.846,200.0
3.848,200.0
3.85,200.0
3.852,200.0
3.854,200.0
3.856,200.0
3.858,200.0
3.86,200.0
3.862,200.0
3.864,200.0
3.866,200.0
3.868,200.0
3.87,200.0
3.872,200.0
3.874,200.0
3.876,200.0
3.878,200.0
3.88,200.0
3.882,200.0
3.884,200.0
3.886,200.0
3.888,200.0
3.89,200.0
3.892,200.0
3.894,200.0
3.896,200.0
3.898,200.0
3.9,200.0
3.902,200.0
3.904,200.0
3.906,200.0
3.908,200.0
3.91,200.0
3.912,200.0
3.914,200.0
3.916,200.0
3.918,200.0
3.92,200.0
3.922,200.0
3.924,200.0
3.926,200.0
3.928,200.0
3.93,200.0
3.932,200.0
3.934,200.0
3.936,200.0
3.938,200.0
3.94,200.0
3.942,200.0
3.944,200.0
3.946,200.0
3.948,200.0
3.95,200.0
3.952,200.0
3.954,200.0
3.956,200.0
3.958,200.0
3.96,200.0
3.962,200.0
3.964,153.77609491449175
3.966,95.42167795213595
3.968,53.577702243185776
3.97,47.07999708707549
3.972,62.59436709543677
3.974,77.25880505033878
3.976,77.73785364121059
3.978,70.58851939997491
3.98,59.60157820940718
3.982,49.69291045917493
3.984,45.16377627920844
3.986,45.440818942341046
3.988,46.066325969750686
3.99,45.0692142434737
3.992,46.68979256815457
3.994,58.13341868241056
3.996,79.58560377958138
3.998,105.14094302195933
4.0,128.69066430829685
4.002,145.18704831001884
4.0040000000000004,150.62050056103573
4.006,141.55874070652456
4.008,116.27880919739344
4.01,76.62249463914466
4.0120000000000005,44.92684606952636
4.014,89.50187290948564
4.016,169.3141189488752
4.018,200.0
4.0200000000000005,200.0
4.022,200.0
4.024,200.0
4.026,200.0
4.0280000000000005,200.0
4.03,200.0
4.032,200.0
4.034,200.0
4.0360000000000005,200.0
4.038,200.0
4.04,166.42542542037236
4.042,80.3684841435051
4.0440000000000005,47.3308831555235
4.046,89.2403878512462
4.048,122.77312102012827
4.05,131.61229627247926
4.0520000000000005,114.68610599636631
4.054,76.03013314871612
4.056,45.108484393073844
4.058,94.98124306164634
4.0600000000000005,174.59453580446888
4.062,200.0
4.064,200.0
4.066,200.0
4.0680000000000005,200.0
4.07,200.0
4.072,200.0
4.074,200.0
4.0760000000000005,200.0
4.078,187.5524125752325
4.08,130.73120646820593
4.082,80.64404567699654
4.0840000000000005,48.04135967541571
4.086,51.71652755362345
4.088,75.07596660694176
4.09,97.0374216734146
4.0920000000000005,112.75058838426949
4.094,121.57550545465209
4.096,123.67490403194452
4.098,119.37475634450703
4.1,108.73669002290539
4.102,91.5323373894281
4.104,68.65169609327896
4.106,47.349202097203595
4.108,54.717571427859276
4.11,96.6285234484655
4.112,152.5032054420601
4.114,200.0
4.116,200.0
4.118,200.0
4.12,200.0
4.122,200.0
4.124,200.0
4.126,200.0
4.128,200.0
4.13,200.0
4.132,200.0
4.134,200.0
4.136,200.0
4.138,200.0
4.14,200.0
4.142,200.0
4.144,170.2844597922816
4.146,109.78224660422576
4.148,60.697037936313485
4.15,46.24251732585819
4.152,69.62468716102472
4.154,96.10377818416659
4.156,112.86351097759504
4.158,118.22309375943647
4.16,110.96447166529286
4.162,91.2124463234334
4.164,62.739531263371006
4.166,45.06642932195311
4.168,75.26694006599037
4.17,132.37441597175305
4.172,194.47291080384068
4.174,200.0
4.176,200.0
4.178,200.0
4.18,200.0
4.182,200.0
4.184,200.0
4.186,200.0
4.188,200.0
4.19,200.0
4.192,200.0
4.194,200.0
4.196,200.0
4.198,200.0
4.2,200.0
4.202,200.0
4.204,200.0
4.206,200.0
4.208,200.0
4.21,200.0
4.212,200.0
4.214,200.0
4.216,200.0
4.218,200.0
4.22,200.0
4.222,200.0
4.224,200.0
4.226,200.0
4.228,200.0
4.23,200.0
4.232,200.0
4.234,164.3957525649397
4.236,104.31963845309022
4.238,53.003381944913414
4.24,57.18364981503805
4.242,103.27634890030244
4.244,149.85541428348552
4.246,190.2372404671698
4.248,200.0
4.25,200.0
4.252,200.0
4.2540000000000004,200.0
4.256,200.0
4.258,200.0
4.26,200.0
4.2620000000000005,200.0
4.264,200.0
4.266,184.81695004097898
4.268,136.17332956503827
4.2700000000000005,83.22911768054277
4.272,45.360460450965846
4.274,74.51580419900681
4.276,130.9585190150851
4.2780000000000005,185.75804130573368
4.28,200.0
4.282,200.0
4.284,200.0
4.2860000000000005,200.0
4.288,200.0
4.29,200.0
4.292,200.0
4.2940000000000005,200.0
4.296,163.86149271902198
4.298,112.39145922625922
4.3,63.72483675121647
4.3020000000000005,46.672022188438746
4.304,81.40311945274244
4.306,126.66327462521055
4.308,169.37456259001735
4.3100000000000005,200.0
4.312,200.0
4.314,200.0
4.316,200.0
4.3180000000000005,200.0
4.32,200.0
4.322,200.0
4.324,200.0
4.3260000000000005,200.0
4.328,200.0
4.33,200.0
4.332,200.0
4.3340000000000005,170.32737362562432
4.336,120.43074544516274
4.338,73.47593463314846
4.34,45.31720426729104
4.3420000000000005,61.08353317983116
4.344,93.72031107985741
4.346,124.71022964391572
4.348,151.1305195963943
4.3500000000000005,174.04256651993825
4.352,193.86147947401963
4.354,200.0
4.356,200.0
4.358,200.0
4.36,200.0
4.362,200.0
4.364,200.0
4.366,200.0
4.368,200.0
4.37,200.0
4.372,200.0
4.374,181.8967219478766
4.376,156.66686166692477
4.378,133.33516507884204
4.38,113.7563256058031
4.382,98.65208171132144
4.384,87.47634622954173
4.386,78.37153158266625
4.388,69.19131695601043
4.39,58.428952530718554
4.392,47.84770665037722
4.394,46.20640169619728
4.396,62.922490041580815
4.398,93.05274402317569
4.4,129.1447381184113
4.402,166.9077066075976
4.404,200.0
4.406,200.0
4.408,200.0
4.41,200.0
4.412,200.0
4.414,200.0
4.416,200.0
4.418,200.0
4.42,200.0
4.422,200.0
4.424,183.40950886764753
4.426,130.7533312721499
4.428,76.75346950352836
4.43,44.93143625917528
4.432,77.06893724428448
4.434,127.0578495423077
4.436,171.54013740945783
4.438,200.0
4.44,200.0
4.442,200.0
4.444,200.0
4.446,166.61525619256926
4.448,115.0868073762988
4.45,57.915535215500874
4.452,61.94329760018878
4.454,133.25722070819788
4.456,200.0
4.458,200.0
4.46,200.0
4.462,200.0
4.464,200.0
4.466,200.0
4.468,200.0
4.47,200.0
4.472,200.0
4.474,146.1720495169391
4.476,72.74168647641474
4.478,50.34033248334217
4.48,104.13074561563633
4.482,158.45892674976156
4.484,199.74092356125354
4.486,200.0
4.488,200.0
4.49,200.0
4.492,200.0
4.494,200.0
4.496,200.0
4.498,200.0
4.5,200.0
4.502,200.0
4.5040000000000004,200.0
4.506,200.0
4.508,200.0
4.51,200.0
4.5120000000000005,200.0
4.514,200.0
4.516,200.0
4.518,200.0
4.5200000000000005,200.0
4.522,164.90271280733285
4.524,99.38123305011189
4.526,45.891724875000115
4.5280000000000005,87.68477567035438
4.53,165.18270086243527
4.532,200.0
4.534,200.0
4.5360000000000005,200.0
4.538,200.0
4.54,200.0
4.542,200.0
4.5440000000000005,200.0
4.546,200.0
4.548,152.5910166759302
4.55,82.85001353416057
4.5520000000000005,45.638417320781194
4.554,93.48906272005924
4.556,154.21793209394212
4.558,200.0
4.5600000000000005,200.0
4.562,200.0
4.564,200.0
4.566,200.0
4.5680000000000005,200.0
4.57,200.0
4.572,200.0
4.574,200.0
4.5760000000000005,200.0
4.578,189.64479854731528
4.58,180.69764476440014
4.582,176.94899566530293
4.5840000000000005,178.2961488138083
4.586,184.58123778969335
4.588,195.62680950783397
4.59,200.0
4.5920000000000005,200.0
4.594,200.0
4.596,200.0
4.598,200.0
4.6000000000000005,200.0
4.602,200.0
4.604,200.0
4.606,200.0
4.6080000000000005,200.0
4.61,164.76258831283718
4.612,105.02262866521724
4.614,52.07021059292177
4.616,62.631162494655904
4.618,120.18026734514834
4.62,179.76777711325138
4.622,200.0
4.624,200.0
4.626,200.0
4.628,200.0
4.63,200.0
4.632,200.0
4.634,200.0
4.636,172.50817946865936
4.638,102.34878750195298
4.64,45.9797146618844
4.642,87.27078024422276
4.644,163.13777830837768
4.646,200.0
4.648,200.0
4.65,200.0
4.652,200.0
4.654,200.0
4.656,200.0
4.658,200.0
4.66,200.0
4.662,200.0
4.664,200.0
4.666,178.14934376954375
4.668,105.67832987419409
4.67,50.203009768289945
4.672,59.852164104228365
4.674,95.42618446975418
4.676,116.65205831196243
4.678,118.00502252509074
4.68,102.42630336423525
4.682,76.41478139119035
4.684,51.476330140869436
4.686,46.32957335089567
4.688,61.89852592799179
4.69,79.47369914038345
4.692,91.66137894015475
4.694,97.87037683199507
4.696,99.87085059315135
4.698,100.78896518332816
4.7,103.27016834998848
4.702,109.71585677839889
4.704,121.15630710365436
4.706,137.67109018797157
4.708,158.9857102578985
4.71,183.17782094382582
4.712,200.0
4.714,200.0
4.716,200.0
4.718,200.0
4.72,200.0
4.722,200.0
4.724,200.0
4.726,200.0
4.728,200.0
4.73,200.0
4.732,200.0
4.734,200.0
4.736,200.0
4.738,200.0
4.74,200.0
4.742,200.0
4.744,200.0
4.746,200.0
4.748,200.0
4.75,200.0
4.752,200.0
4.7540000000000004,200.0
4.756,200.0
4.758,200.0
4.76,200.0
4.7620000000000005,200.0
4.764,200.0
4.766,200.0
4.768,200.0
4.7700000000000005,200.0
4.772,200.0
4.774,196.91022874664841
4.776,174.5221733002879
4.7780000000000005,149.9298460257264
4.78,123.01192506368159
4.782,93.78278852840353
4.784,64.10472255898175
4.7860000000000005,45.17165879515259
4.788,59.748499081390875
4.79,95.37669575011273
4.792,133.76452150615654
4.7940000000000005,167.5156542901715
4.796,192.37226566783528
4.798,200.0
4.8,200.0
4.8020000000000005,193.65473958261586
4.804,168.42100026969098
4.806,132.32464352838204
4.808,88.73712473598378
4.8100000000000005,49.69249080178449
4.812,58.642867771953306
4.814,106.18879681485186
4.816,156.68567111079744
4.8180000000000005,200.0
4.82,200.0
4.822,200.0
4.824,200.0
4.8260000000000005,200.0
4.828,200.0
4.83,200.0
4.832,200.0
4.8340000000000005,200.0
4.836,200.0
4.838,200.0
4.84,200.0
4.8420000000000005,200.0
4.844,200.0
4.846,200.0
4.848,200.0
4.8500000000000005,200.0
4.852,200.0
4.854,153.85527617057875
4.856,87.83613950876746
4.8580000000000005,45.0258716298473
4.86,92.73393248423156
4.862,158.10378872975286
4.864,200.0
4.866,200.0
4.868,200.0
4.87,200.0
4.872,200.0
4.874,200.0
4.876,149.79871073976665
4.878,92.22286884746192
4.88,46.91600949788442
4.882,69.66964881442226
4.884,123.30679109572921
4.886,173.39340928426574
4.888,200.0
4.89,200.0
4.892,200.0
4.894,200.0
4.896,200.0
4.898,200.0
4.9,200.0
4.902,200.0
4.904,200.0
4.906,200.0
4.908,200.0
4.91,200.0
4.912,200.0
4.914,200.0
4.916,200.0
4.918,200.0
4.92,200.0
4.922,200.0
4.924,200.0
4.926,200.0
4.928,200.0
4.93,200.0
4.932,199.534288275696
4.934,192.40795000378884
4.936,185.6824119264436
4.938,179.07166921342
4.94,171.9353340800617
4.942,163.47415171277095
4.944,153.0767277058716
4.946,140.46490370193996
4.948,125.73139382751772
4.95,109.27225466428703
4.952,91.60363260505392
4.954,73.72581195253477
4.956,57.64067967209453
4.958,47.013504002525416
4.96,45.384593691279335
4.962,50.229140656434666
4.964,54.84901016038477
4.966,54.77104923410493
4.968,49.65183221952278
4.97,44.934854894031794
4.972,52.58791158460501
4.974,76.01421844050303
4.976,107.76438011830683
4.978,141.30794667702816
4.98,172.28893684609187
4.982,197.3232712486659
4.984,200.0
4.986,200.0
4.988,200.0
4.99,200.0
4.992,194.35134967906123
4.994,176.49666215369683
4.996,158.45810285176339
4.998,141.82577419669786
5.0,127.29576600373305
5.002,114.84115591792474
5.0040000000000004,104.09705634136729
5.006,94.74364880482892
5.008,86.51748544579164
5.01,79.18668733063917
5.0120000000000005,72.44978198324155
5.014,65.87402732931156
5.016,59.13958578487183
5.018,52.443266648984874
5.0200000000000005,46.99991013476227
5.022,44.929801826570525
5.024,47.55162869113546
5.026,53.56713606823366
5.0280000000000005,60.20162891062773
5.03,65.02193233366356
5.032,66.60681548594076
5.034,64.5069117423254
5.0360000000000005,59.13689862724132
5.038,52.0927873243292
5.04,46.31435622774875
5.042,45.213643844308216
5.0440000000000005,49.37839012765907
5.046,55.35946788926387
5.048,58.78441098030761
5.05,56.788679499567145
5.0520000000000005,49.55420628880181
5.054,45.1858439479889
5.056,62.189005174581055
5.058,102.76417329709282
5.0600000000000005,157.59443663285478
5.062,200.0
5.064,200.0
5.066,200.0
5.0680000000000005,200.0
5.07,200.0
5.072,200.0
5.074,200.0
5.0760000000000005,200.0
5.078,200.0
5.08,200.0
5.082,200.0
5.0840000000000005,200.0
5.086,154.77934576161755
5.088,98.71709162026532
5.09,57.65906156714794
5.0920000000000005,45.28629545400389
5.094,58.57160471734448
5.096,74.8602749081756
5.098,86.48647212642553
5.1000000000000005,92.46124319028435
5.102,93.14773113658858
5.104,89.67103439357423
5.106,83.37210636338713
5.1080000000000005,75.70782675568317
5.11,68.00792078608123
5.112,61.09124745911546
5.114,55.25710022058471
5.1160000000000005,50.4902927387641
5.118,46.92777071924186
5.12,45.06619007488423
5.122,45.39441096387043
5.124,47.63846854346254
5.126,50.504782578392714
5.128,52.337306148172
5.13,51.86705365915143
5.132,48.845727181703054
5.134,45.32898823210994
5.136,46.890530975411245
5.138,59.174996349149396
5.14,80.78692622578966
5.142,106.23517812879389
5.144,129.8508749037288
5.146,146.52356483745197
5.148,151.8777867848226
5.15,142.187514691565
5.152,116.15956137518106
5.154,76.1720982893987
5.156,44.927175924687276
5.158,87.57415313396112
5.16,163.08996857747283
5.162,200.0
5.164,200.0
5.166,200.0
5.168,200.0
5.17,200.0
5.172,200.0
5.174,200.0
5.176,200.0
5.178,200.0
5.18,200.0
5.182,200.0
5.184,152.09246429217734
5.186,95.65148123846637
5.188,53.906057909200506
5.19,48.48554218588296
5.192,74.8355056888791
5.194,105.56617243825639
5.196,132.8747065081475
5.198,153.74617491874668
5.2,165.9324570799611
5.202,167.19376040447543
5.204,155.3380771484989
5.206,129.6625924846703
5.208,91.47846747834495
5.21,50.79595892895006
5.212,62.409039382225295
5.214,125.45250688819878
5.216,197.5040102573468
5.218,200.0
5.22,200.0
5.222,200.0
5.224,200.0
5.226,200.0
5.228,200.0
5.23,200.0
5.232,200.0
5.234,200.0
5.236,176.59021607177036
5.238,106.68273829148568
5.24,52.32440574066452
5.242,54.723223503955886
5.244,88.23117309738075
5.246,113.43698871757744
5.248,126.34777506882722
5.25,128.50138447055255
5.252,122.66267959462215
5.2540000000000004,112.13367216234644
5.256,99.493440840266
5.258,86.81703799398268
5.26,75.76708196741309
5.2620000000000005,67.40902042993847
5.264,62.263268751751305
5.266,60.1458485624667
5.268,60.71941964098372
5.2700000000000005,63.73731958839901
5.272,68.76812939746935
5.274,75.22090410379228
5.276,82.25171068758716
5.2780000000000005,88.79391207423303
5.28,93.76345893423179
5.282,96.08325872936602
5.284,95.09793322688752
5.2860000000000005,90.68924738140768
5.288,83.38842591278174
5.29,74.6105673645185
5.292,65.96542089160481
5.2940000000000005,58.807798082682666
5.296,53.74204629372657
5.298,50.56798243345049
5.3,48.72310920226356
5.3020000000000005,47.69396371233105
5.304,47.21940385189154
5.306,47.31957398183313
5.308,48.30588847041521
5.3100000000000005,51.002092941578134
5.312,56.84029084904797
5.314,66.99642425211329
5.316,81.53592548541245
5.3180000000000005,99.11425794797637
5.32,117.33279558281791
5.322,133.3845806218863
5.324,144.08727800547436
5.3260000000000005,146.51059199121752
5.328,137.98192027901848
5.33,116.26996804896618
5.332,82.21018259941313
5.3340000000000005,47.51186317050066
5.336,68.152733339562
5.338,134.70958636756657
5.34,200.0
5.3420000000000005,200.0
5.344,200.0
5.346,200.0
5.348,200.0
5.3500000000000005,200.0
5.352,200.0
5.354,200.0
5.356,200.0
5.3580000000000005,200.0
5.36,178.4767518761331
5.362,111.70605307297885
5.364,60.67304634423014
5.3660000000000005,45.50605496435484
5.368,60.40471586115049
5.37,74.00191930363795
5.372,78.15008539778646
5.3740000000000006,73.9293830671307
5.376,64.15278750735636
5.378,52.77924458027995
5.38,45.453839105072085
5.382,47.179437477267825
5.384,56.478805946259435
5.386,67.82574474370067
5.388,77.18420254908106
5.39,82.36935244823864
5.392,82.72312736988478
5.394,78.46860557682061
5.396,70.67870512743173
5.398,61.24489068036047
5.4,52.542505066682146
5.402,46.81986329732046
5.404,44.93104796606959
5.406,45.82843778194169
5.408,47.885003400683416
5.41,50.253163555086154
5.412,52.983704664542984
5.414,56.607636700287046
5.416,61.601177289834055
5.418,68.01113934032878
5.42,75.25385548503003
5.422,82.3929186393355
5.424,88.53102329357526
5.426,93.10174429175976
5.428,96.48180653656836
5.43,99.27376973496413
5.432,102.10013627459655
5.434,105.27836843988025
5.436,108.74573078966502
5.438,112.18958333645071
5.44,115.31485199133475
5.442,117.98578773473439
5.444,120.18673235790486
5.446,121.94906372052166
5.448,123.08122318303633
5.45,123.12134482771648
5.452,121.62861373897374
5.454,118.241189525665
5.456,112.9626000164179
5.458,106.3075524202251
5.46,99.00801000977357
5.462,91.89692310892744
5.464,85.54562932821767
5.466,80.35361655426632
5.468,76.5887004885618
5.47,74.30761787205688
5.472,73.58992613166075
5.474,74.36944771809915
5.476,76.32192290663842
5.478,78.8763828414721
5.48,81.25109524596287
5.482,82.83659303586381
5.484,83.37752870036591
5.486,83.1737410249046
5.488,82.98273971485476
5.49,83.6928261701568
5.492,86.09961075941875
5.494,90.5980594496609
5.496,97.25566082154508
5.498,105.78574113200764
5.5,115.58723712785302
5.502,125.95966562493247
5.5040000000000004,136.14469836736225
5.506,145.3852751162579
5.508,152.94042840118104
5.51,158.07886850632735
5.5120000000000005,160.2891749274351
5.514,159.2346744306083
5.516,154.8069879148139
5.518,147.33462424320192
5.5200000000000005,137.2901483285382
5.522,125.36123976283427
5.524,112.54791465979373
5.526,99.9448618822452
5.5280000000000005,88.74159348416424
5.53,79.89975983761298
5.532,73.98507261825878
5.534,71.12672944842592
5.5360000000000005,70.86251652318558
5.538,72.55838143485717
5.54,75.38112309410693
5.542,78.20338953427196
5.5440000000000005,80.12391550820152
5.546,80.59665245970184
5.548,79.65859135195663
5.55,77.89352950150824
5.5520000000000005,76.12373758119871
5.554,75.24506030338567
5.556,75.77304451601142
5.558,77.79169849779012
5.5600000000000005,81.14915594055367
5.562,85.41162677832423
5.564,90.15976799264998
5.566,95.27065898288859
5.5680000000000005,100.87023167467474
5.57,107.36356183285784
5.572,115.14269130925032
5.574,124.42314916540352
5.5760000000000005,135.07610511578514
5.578,146.37165139760518
5.58,157.28242272436674
5.582,166.5670989414869
5.5840000000000005,172.91168815875795
5.586,175.2491794577138
5.588,172.80266122947694
5.59,165.3343448792243
5.5920000000000005,153.0609568553737
5.594,136.6300066277211
5.596,117.27944752902462
5.598,96.52832210837892
5.6000000000000005,76.32251439821984
5.602,59.22079134283378
5.604,48.30860880132116
5.606,44.92441503506816
5.6080000000000005,46.48605951922329
5.61,48.56853625832564
5.612,48.76205479610659
5.614,47.07877439948354
5.6160000000000005,45.19950186781915
5.618,45.420275188624245
5.62,48.88385637886179
5.622,54.82476174066405
5.6240000000000006,61.735256075769236
5.626,68.53900552224685
5.628,74.88719591200201
5.63,80.90603014189853
5.632,86.949028854415
5.634,93.30401439619058
5.636,100.0041908924535
5.638,106.76722103397566
5.64,112.79915018398673
5.642,116.97194214597715
5.644,118.16340769207605
5.646,115.44648199609627
5.648,108.62625783449349
5.65,98.47334461422037
5.652,86.5119864285017
5.654,74.71770483470624
5.656,64.78506376237854
5.658,57.69336426425536
5.66,53.45710104465126
5.662,51.461056948737536
5.664,51.20787278986896
5.666,52.57602638806741
5.668,55.82744554786326
5.67,61.36861493063155
5.672,69.23319996712438
5.674,78.82905956400995
5.676,89.0167573075084
5.678,98.47692247915886
5.68,106.15490490691406
5.682,111.29499034262221
5.684,113.5699944636719
5.686,113.04088776685663
5.688,109.90178140400823
5.69,104.50777114001276
5.692,97.33688998420627
5.694,88.91609567027693
5.696,79.85706200313724
5.698,70.7762594088983
5.7,62.305777052385416
5.702,55.06718253745389
5.704,49.61018776671436
5.706,46.31839741066038
5.708,45.03656410255875
5.71,44.992685385938515
5.712,45.211491955400916
5.714,45.118933936717625
5.716,44.92353605696194
5.718,45.544855334971146
5.72,47.99999269690445
5.722,52.59030474455561
5.724,58.70399356540679
5.726,65.35129772054316
5.728,71.68192898431066
5.73,77.13122459919894
5.732,81.33704962640694
5.734,84.02502545127537
5.736,84.99087223767219
5.738,84.19257873596415
5.74,81.89958574497662
5.742,78.76503529017731
5.744,75.7444756501421
5.746,73.81755055099099
5.748,73.7683195441198
5.75,76.00376682178975
5.752,80.46262436822558
5.7540000000000004,86.68934485509125
5.756,93.89288899232973
5.758,101.21756195067447
5.76,107.97762546131196
5.7620000000000005,113.7625354185695
5.764,118.43796914339929
5.766,121.97275670584214
5.768,124.37170708956232
5.7700000000000005,125.67987102400852
5.772,125.90613850219466
5.774,125.10685662361266
5.776,123.41187530669029
5.7780000000000005,120.88738429085546
5.78,117.61279344824963
5.782,113.69636256142655
5.784,109.45764781436357
5.7860000000000005,105.31115967526644
5.788,102.04132185738004
5.79,100.27842640944615
5.792,100.44455600240084
5.7940000000000005,102.52652309799389
5.796,106.07087932619476
5.798,110.24842571894054
5.8,114.21096911378473
5.8020000000000005,117.34660415000786
5.804,119.50290823488602
5.806,120.90651580955321
5.808,121.89489840057337
5.8100000000000005,122.67736934621978
5.812,123.14650489630839
5.814,122.89227547447148
5.816,121.44073999610333
5.8180000000000005,118.51653328604013
5.82,114.22844724418351
5.822,109.13662517844844
5.824,104.11762791751627
5.8260000000000005,100.20512109369328
5.828,98.34588078564734
5.83,99.27384247542645
5.832,104.09628814113061
5.8340000000000005,111.57907414790287
5.836,121.7179696753021
5.838,133.45165486873765
5.84,145.3583595168534
5.8420000000000005,155.98187814336288
5.844,164.1393275927789
5.846,169.2244061730691
5.848,171.24905628373
5.8500000000000005,170.80125436685285
5.852,168.79673199919327
5.854,166.20933958357998
5.856,163.89214694993956
5.8580000000000005,162.26835792539356
5.86,161.30123124486056
5.862,160.51277575146062
5.864,159.15179694765794
5.8660000000000005,156.48551523338844
5.868,151.91469651605135
5.87,145.26871146919805
5.872,136.75316183235444
5.8740000000000006,126.76564524632563
5.876,115.87999363069193
5.878,104.65375990569468
5.88,93.6353831743749
5.882000000000001,83.36653541987393
5.884,74.38736984443511
5.886,67.28120427599298
5.888,62.43185372293739
5.89,59.97825124966846
5.892,59.966916312950616
5.894,62.390135589481
5.896,67.18646003301284
5.898,74.01245600449435
5.9,82.07175282131017
5.902,90.37081197001663
5.904,98.0269824775346
5.906,104.60423646769551
5.908,110.196922050689
5.91,115.23396551224396
5.912,120.34979819463862
5.914,126.04187433189647
5.916,132.44558799078965
5.918,139.31395148400776
5.92,146.08900825208832
5.922,152.13442869820207
5.924,156.94897839162758
5.926,160.3197401084755
5.928,162.36516209041085
5.93,163.41372048278564
5.932,163.87188849051265
5.934,164.10752368533326
5.936,164.34883007127746
5.938,164.68133804548881
5.94,165.05167228480747
5.942,165.3123213703369
5.944,165.260370245411
5.946,164.67871019904186
5.948,163.4490875335615
5.95,161.64456280984666
5.952,159.54686986247697
5.954,157.66550834428494
5.956,156.5777663651233
5.958,156.74146215419464
5.96,158.33597411822552
5.962,161.1931891070719
5.964,164.9954534723548
5.966,169.25048135659446
5.968,173.7089492713971
5.97,178.30847640958967
5.972,183.01656865870956
5.974,187.67302608388806
5.976,191.81228536653785
5.978,194.69979848657923
5.98,195.54417803193513
5.982,193.73999810848395
5.984,189.27685102833664
5.986,182.74373250422892
5.988,175.23010144604152
5.99,168.08473767926188
5.992,162.48750179170324
5.994,159.23660242134522
5.996,158.48622706030403
5.998,159.88430433108084
6.0,162.79028062569614
6.002,166.50132432098144
6.0040000000000004,170.5968358673993
6.006,175.03344310125567
6.008,180.08940643008089
6.01,186.10673494968754
6.0120000000000005,193.22451346236517
6.014,200.0
6.016,200.0
6.018,200.0
6.0200000000000005,200.0
6.022,200.0
6.024,200.0
6.026,200.0
6.0280000000000005,200.0
6.03,196.50266725221462
6.032,184.03906235868857
6.034,168.40370813656529
6.0360000000000005,156.00869233153176
6.038,145.30066465387938
6.04,136.90377948155347
6.042,131.18888009855218
6.0440000000000005,128.09469869286215
6.046,127.37143732870278
6.048,128.76769495505502
6.05,132.01632483292516
6.0520000000000005,136.9651830572876
6.054,143.42585141495465
6.056,151.06079117815398
6.058,159.32152736817395
6.0600000000000005,167.43918514490238
6.062,174.70982761969896
6.064,180.6203488930156
6.066,185.0188990331198
6.0680000000000005,188.17819047118113
6.07,190.57908452579403
6.072,192.74642262519976
6.074,194.8361595655294
6.0760000000000005,196.6284675933167
6.078,197.64852976975692
6.08,197.31284377841206
6.082,195.34956286703053
6.0840000000000005,191.9163191662429
6.086,187.6317942973775
6.088,183.36304327534646
6.09,179.91728439180525
6.0920000000000005,177.918969500972
6.094,177.6228819290164
6.096,178.87990634948022
6.098,181.28925434796253
6.1000000000000005,184.20415335284642
6.102,186.88278075207646
6.104,188.71099062187707
6.106,189.3787835425218
6.1080000000000005,189.04908763855383
6.11,188.26960354333826
6.112,187.77450638454033
6.114,188.1948079703654
6.1160000000000005,189.67901165546186
6.118,191.85165657977643
6.12,193.86664100702694
6.122,194.75266602730062
6.1240000000000006,193.77574542804126
6.126,190.6344763250692
6.128,185.68737167935885
6.13,179.54520269654054
6.132000000000001,173.49658907898902
6.134,167.9585063607302
6.136,163.5931082805656
6.138,160.70261057997746
6.140000000000001,159.31372405724943
6.142,159.3645633004899
6.144,161.00044955617895
6.146,163.95627676472313
6.148,168.2823497598061
6.15,173.93493000478813
6.152,180.665300977944
6.154,188.06063300819605
6.156,197.55831634227954
6.158,200.0
6.16,200.0
6.162,200.0
6.164,200.0
6.166,200.0
6.168,200.0
6.17,200.0
6.172,196.4667796418279
6.174,193.0825262252344
6.176,190.57010593199792
6.178,188.95819297498014
6.18,188.22268687218545
6.182,188.30533448753135
6.184,189.3147070500068
6.186,191.54781556107446
6.188,195.19744013679164
6.19,200.0
6.192,200.0
6.194,200.0
6.196,200.0
6.198,200.0
6.2,200.0
6.202,200.0
6.204,200.0
6.206,200.0
6.208,200.0
6.21,194.17932001349521
6.212,185.6327755971488
6.214,177.76596906563407
6.216,170.41086467931427
6.218,163.24593603364428
6.22,155.787676723827
6.222,147.6364268675994
6.224,138.6724879950508
6.226,128.97839281115796
6.228,118.8547196137455
6.23,108.6041498724888
6.232,98.49272775364034
6.234,88.7376320543531
6.236,79.47123807575088
6.238,70.99533704651074
6.24,63.82729793087828
6.242,58.533863267422554
6.244,55.52785789083998
6.246,55.04964912637417
6.248,57.326392144726846
6.25,62.828534236308066
6.252,71.74994402404829
6.2540000000000004,83.26473194701822
6.256,95.87672753663908
6.258,107.93694839602159
6.26,118.26121680401555
6.2620000000000005,126.30879714369881
6.264,132.10979347628998
6.266,136.23589270380867
6.268,139.44777171381685
6.2700000000000005,142.59514067109274
6.272,146.52937757253213
6.274,151.94968085551946
6.276,159.37689395212047
6.2780000000000005,168.83912388585154
6.28,179.93326834128356
6.282,191.8678719686159
6.284,200.0
6.2860000000000005,200.0
6.288,200.0
6.29,200.0
6.292,200.0
6.2940000000000005,200.0
6.296,200.0
6.298,200.0
6.3,200.0
6.3020000000000005,200.0
6.304,198.24749648970197
6.306,189.15051446167877
6.308,180.4381267244179
6.3100000000000005,172.72654314844726
6.312,166.41010879619773
6.314,161.39156259537458
6.316,157.27592330465407
6.3180000000000005,153.7535998677119
6.32,150.67497597507358
6.322,148.23186582869323
6.324,147.17514051737044
6.3260000000000005,147.80491175709201
6.328,150.423908670171
6.33,154.6349924251061
6.332,159.49838618353084
6.3340000000000005,163.732789525229
6.336,166.05257583418123
6.338,165.65109647912246
6.34,162.20014585786345
6.3420000000000005,155.93366884109545
6.344,147.58135035620896
6.346,138.09721365129622
6.348,128.56514652117534
6.3500000000000005,119.95825515666576
6.352,113.05527217817804
6.354,108.28349037349747
6.356,105.49667749922237
6.3580000000000005,104.07345344644774
6.36,102.95335937504971
6.362,100.94472737632277
6.364,97.11875874673616
6.3660000000000005,91.13900679047251
6.368,83.54053365706066
6.37,75.47011413029881
6.372,68.32434340584666
6.3740000000000006,63.22296000851676
6.376,60.680466759839604
6.378,60.817596478517565
6.38,63.63747655939938
6.382000000000001,69.21684346449365
6.384,77.54846360339572
6.386,88.25533222721157
6.388,100.75825413804412
6.390000000000001,114.28045627192817
6.392,127.85305504305786
6.394,140.54182525093412
6.396,151.50113474532444
6.398000000000001,160.18066419563087
6.4,166.3567172705035
6.402,170.13354550532503
6.404,171.97373087748983
6.406,172.44569949041377
6.408,172.1424284537245
6.41,171.60072767362922
6.412,171.21486943682478
6.414,171.30823449245193
6.416,172.14610328049102
6.418,174.04470740105947
6.42,177.35288415105526
6.422,182.33721799479778
6.424,189.08629007944248
6.426,197.3503727385069
6.428,200.0
6.43,200.0
6.432,200.0
6.434,200.0
6.436,200.0
6.438,200.0
6.44,200.0
6.442,200.0
6.444,200.0
6.446,194.42011518163756
6.448,177.72032281840055
6.45,160.17504922342442
6.452,143.10389392574305
6.454,127.76726903714125
6.456,115.10668914713882
6.458,105.40740267839878
6.46,98.45479009349879
6.462,93.61212508313285
6.464,90.00681490008911
6.466,86.86922569152344
6.468,83.59558426853296
6.47,79.85702297431212
6.472,75.47008003892016
6.474,70.2834055948996
6.476,64.28881162950618
6.478,57.57151192856273
6.48,50.731275451240855
6.482,45.70409248862107
6.484,45.959236043204726
6.486,54.50845322128339
6.488,70.96032488034432
6.49,93.23407016893296
6.492,119.60726461077041
6.494,149.1899331930495
6.496,178.83515075678073
6.498,200.0
6.5,200.0
6.502,200.0
6.5040000000000004,200.0
6.506,200.0
6.508,200.0
6.51,200.0
6.5120000000000005,200.0
6.514,200.0
6.516,200.0
6.518,200.0
6.5200000000000005,186.86466646219145
6.522,178.50997334934536
6.524,176.25612342460803
6.526,179.4057484240441
6.5280000000000005,186.2722316719319
6.53,194.5819178437375
6.532,200.0
6.534,200.0
6.5360000000000005,200.0
6.538,200.0
6.54,200.0
6.542,198.190624450569
6.5440000000000005,191.83928204327458
6.546,186.45316087816636
6.548,183.56247347208145
6.55,184.65684492148156
6.5520000000000005,190.91938079258648
6.554,200.0
6.556,200.0
6.558,200.0
6.5600000000000005,200.0
6.562,200.0
6.564,200.0
6.566,200.0
6.5680000000000005,200.0
6.57,200.0
6.572,200.0
6.574,200.0
6.5760000000000005,200.0
6.578,200.0
6.58,181.1412445888661
6.582,164.3137593178094
6.5840000000000005,155.01304149736197
6.586,152.87574029938344
6.588,156.23908163131537
6.59,162.77650737430875
6.5920000000000005,170.3287309771428
6.594,177.44835184240802
6.596,183.79098602945004
6.598,189.87215389585234
6.6000000000000005,196.67962211938038
6.602,200.0
6.604,200.0
6.606,200.0
6.6080000000000005,200.0
6.61,200.0
6.612,200.0
6.614,200.0
6.6160000000000005,200.0
6.618,200.0
6.62,200.0
6.622,200.0
6.6240000000000006,187.6996849783454
6.626,165.98774684406672
6.628,146.2338626850435
6.63,129.8355060575485
6.632000000000001,117.38283163115182
6.634,109.00111837744284
6.636,104.42417325531987
6.638,103.19256953348567
6.640000000000001,104.95162677392808
6.642,109.33413124355559
6.644,115.93756269732187
6.646,124.23538502352991
6.648000000000001,133.49046827121236
6.65,142.77695908231985
6.652,150.90472118863028
6.654,156.51225571152207
6.656000000000001,158.28950352358024
6.658,155.0681606365642
6.66,146.28694451429135
6.662,132.44233407997498
6.664,115.0291008751441
6.666,96.59543972864263
6.668,80.08313135179172
6.67,67.83062319327311
6.672,61.332793129612114
6.674,59.87255773843776
6.676,63.34163657518828
6.678,71.62948006807183
6.68,84.70807871153588
6.682,101.1075970328518
6.684,118.70529072669731
6.686,135.24394588209438
6.688,148.5613754374048
6.69,157.28079736147473
6.692,161.16517998540223
6.694,161.1591796186229
6.696,159.39965909521368
6.698,158.48646436456008
6.7,160.83332050067466
6.702,167.8252963770005
6.704,179.39053045948137
6.706,194.09042200916133
6.708,200.0
6.71,200.0
6.712,200.0
6.714,200.0
6.716,200.0
6.718,200.0
6.72,178.66488940822552
6.722,150.85787419898372
6.724,121.75504063393596
6.726,94.60338921961096
6.728,72.48158736058153
6.73,57.74946671832163
6.732,50.42261888051038
6.734,48.10037328873823
6.736,48.75648372833301
6.738,52.39906495364471
6.74,59.83362947771092
6.742,70.72417211950889
6.744,83.42070974551238
6.746,96.03414581626404
6.748,107.03232102694793
6.75,115.68403885728911
6.752,122.08736450245779
6.7540000000000004,127.08373966949759
6.756,132.11413512264681
6.758,138.72472101213899
6.76,148.1926671411923
6.7620000000000005,160.88787113596155
6.764,176.0501505820875
6.766,191.9510687821387
6.768,200.0
6.7700000000000005,200.0
6.772,200.0
6.774,200.0
6.776,200.0
6.7780000000000005,200.0
6.78,188.11968447532854
6.782,170.14323931158887
6.784,149.96148420070773
6.7860000000000005,128.29007743645292
6.788,105.99012114902936
6.79,84.27871828997075
6.792,65.003339681719
6.7940000000000005,50.92080416145246
6.796,45.03602450073295
6.798,47.25872814662477
6.8,53.59904695499202
6.8020000000000005,60.644422583856276
6.804,67.37903498946922
6.806,74.68295784091748
6.808,85.00328003259288
6.8100000000000005,101.93436761365696
6.812,129.63229499434283
6.814,172.2704953899949
6.816,200.0
6.8180000000000005,200.0
6.82,200.0
6.822,200.0
6.824,200.0
6.8260000000000005,200.0
6.828,200.0
6.83,200.0
6.832,200.0
6.8340000000000005,200.0
6.836,200.0
6.838,200.0
6.84,200.0
6.8420000000000005,200.0
6.844,200.0
6.846,200.0
6.848,200.0
6.8500000000000005,200.0
6.852,200.0
6.854,200.0
6.856,200.0
6.8580000000000005,200.0
6.86,200.0
6.862,200.0
6.864,200.0
6.8660000000000005,200.0
6.868,200.0
6.87,200.0
6.872,200.0
6.8740000000000006,200.0
6.876,200.0
6.878,200.0
6.88,200.0
6.882000000000001,200.0
6.884,200.0
6.886,200.0
6.888,200.0
6.890000000000001,200.0
6.892,200.0
6.894,200.0
6.896,200.0
6.898000000000001,200.0
6.9,200.0
6.902,200.0
6.904,200.0
6.906000000000001,200.0
6.908,200.0
6.91,200.0
6.912,200.0
6.914,200.0
6.916,200.0
6.918,200.0
6.92,200.0
6.922,200.0
6.924,200.0
6.926,200.0
6.928,200.0
6.93,200.0
6.932,200.0
6.934,200.0
6.936,200.0
6.938,200.0
6.94,200.0
6.942,200.0
6.944,200.0
6.946,200.0
6.948,200.0
6.95,200.0
6.952,200.0
6.954,200.0
6.956,200.0
6.958,200.0
6.96,200.0
6.962,200.0
6.964,200.0
6.966,200.0
6.968,200.0
6.97,200.0
6.972,200.0
6.974,200.0
6.976,200.0
6.978,200.0
6.98,200.0
6.982,200.0
6.984,200.0
6.986,200.0
6.988,200.0
6.99,200.0
6.992,200.0
6.994,200.0
6.996,200.0
6.998,200.0
7.0,200.0
7.002,200.0
7.0040000000000004,200.0
7.006,200.0
7.008,200.0
7.01,200.0
7.0120000000000005,200.0
7.014,200.0
7.016,200.0
7.018,200.0
7.0200000000000005,200.0
7.022,200.0
7.024,200.0
7.026,200.0
7.0280000000000005,200.0
7.03,200.0
7.032,200.0
7.034,200.0
7.0360000000000005,200.0
7.038,200.0
7.04,200.0
7.042,200.0
7.0440000000000005,200.0
7.046,200.0
7.048,200.0
7.05,200.0
7.0520000000000005,200.0
7.054,200.0
7.056,200.0
7.058,200.0
7.0600000000000005,200.0
7.062,200.0
7.064,200.0
7.066,200.0
7.0680000000000005,200.0
7.07,200.0
7.072,200.0
7.074,200.0
7.0760000000000005,200.0
7.078,200.0
7.08,200.0
7.082,200.0
7.0840000000000005,200.0
7.086,200.0
7.088,200.0
7.09,200.0
7.0920000000000005,200.0
7.094,200.0
7.096,200.0
7.098,200.0
7.1000000000000005,200.0
7.102,200.0
7.104,200.0
7.106,200.0
7.1080000000000005,200.0
7.11,200.0
7.112,200.0
7.114,200.0
7.1160000000000005,200.0
7.118,200.0
7.12,200.0
7.122,200.0
7.1240000000000006,200.0
7.126,200.0
7.128,200.0
7.13,200.0
7.132000000000001,200.0
7.134,200.0
7.136,200.0
7.138,200.0
7.140000000000001,200.0
7.142,200.0
7.144,200.0
7.146,200.0
7.148000000000001,200.0
7.15,200.0
7.152,200.0
7.154,200.0
7.156000000000001,200.0
7.158,200.0
7.16,200.0
7.162,200.0
7.164000000000001,200.0
7.166,200.0
7.168,200.0
7.17,200.0
7.172,200.0
7.174,200.0
7.176,200.0
7.178,200.0
7.18,200.0
7.182,200.0
7.184,200.0
7.186,200.0
7.188,200.0
7.19,200.0
7.192,200.0
7.194,200.0
7.196,200.0
7.198,200.0
7.2,200.0
7.202,200.0
7.204,200.0
7.206,200.0
7.208,200.0
7.21,200.0
7.212,200.0
7.214,200.0
7.216,200.0
7.218,200.0
7.22,200.0
7.222,200.0
7.224,200.0
7.226,200.0
7.228,200.0
7.23,200.0
7.232,200.0
7.234,200.0
7.236,200.0
7.238,200.0
7.24,200.0
7.242,200.0
7.244,200.0
7.246,200.0
7.248,200.0
7.25,200.0
7.252,200.0
7.2540000000000004,200.0
7.256,200.0
7.258,200.0
7.26,200.0
7.2620000000000005,200.0
7.264,200.0
7.266,200.0
7.268,200.0
7.2700000000000005,200.0
7.272,200.0
7.274,200.0
7.276,200.0
7.2780000000000005,200.0
7.28,200.0
7.282,200.0
7.284,200.0
7.2860000000000005,200.0
7.288,200.0
7.29,200.0
7.292,200.0
7.2940000000000005,200.0
7.296,200.0
7.298,200.0
7.3,200.0
7.3020000000000005,200.0
7.304,200.0
7.306,200.0
7.308,200.0
7.3100000000000005,200.0
7.312,200.0
7.314,200.0
7.316,200.0
7.3180000000000005,200.0
7.32,200.0
7.322,200.0
7.324,200.0
7.3260000000000005,200.0
7.328,200.0
7.33,200.0
7.332,200.0
7.3340000000000005,200.0
7.336,200.0
7.338,200.0
7.34,200.0
7.3420000000000005,200.0
7.344,200.0
7.346,200.0
7.348,200.0
7.3500000000000005,200.0
7.352,200.0
7.354,200.0
7.356,200.0
7.3580000000000005,200.0
7.36,200.0
7.362,200.0
7.364,200.0
7.3660000000000005,200.0
7.368,200.0
7.37,200.0
7.372,200.0
7.3740000000000006,200.0
7.376,200.0
7.378,200.0
7.38,200.0
7.382000000000001,200.0
7.384,200.0
7.386,200.0
7.388,200.0
7.390000000000001,200.0
7.392,200.0
7.394,200.0
7.396,200.0
7.398000000000001,200.0
7.4,200.0
7.402,200.0
7.404,200.0
7.406000000000001,200.0
7.408,200.0
7.41,200.0
7.412,200.0
7.414000000000001,200.0
7.416,200.0
7.418,200.0
7.42,200.0
7.422000000000001,200.0
7.424,200.0
7.426,200.0
7.428,200.0
7.43,200.0
7.432,200.0
7.434,200.0
7.436,200.0
7.438,200.0
7.44,200.0
7.442,200.0
7.444,200.0
7.446,200.0
7.448,200.0
7.45,200.0
7.452,200.0
7.454,200.0
7.456,200.0
7.458,200.0
7.46,200.0
7.462,200.0
7.464,200.0
7.466,200.0
7.468,200.0
7.47,200.0
7.472,200.0
7.474,200.0
7.476,200.0
7.478,200.0
7.48,200.0
7.482,200.0
7.484,200.0
7.486,200.0
7.488,200.0
7.49,200.0
7.492,200.0
7.494,200.0
7.496,200.0
7.498,200.0
7.5,200.0
7.502,200.0
7.5040000000000004,200.0
7.506,200.0
7.508,200.0
7.51,200.0
7.5120000000000005,200.0
7.514,200.0
7.516,200.0
7.518,200.0
7.5200000000000005,200.0
7.522,200.0
7.524,200.0
7.526,200.0
7.5280000000000005,200.0
7.53,200.0
7.532,200.0
7.534,200.0
7.5360000000000005,200.0
7.538,200.0
7.54,200.0
7.542,200.0
7.5440000000000005,200.0
7.546,200.0
7.548,200.0
7.55,200.0
7.5520000000000005,200.0
7.554,200.0
7.556,200.0
7.558,200.0
7.5600000000000005,200.0
7.562,200.0
7.564,200.0
7.566,200.0
7.5680000000000005,200.0
7.57,200.0
7.572,200.0
7.574,200.0
7.5760000000000005,200.0
7.578,200.0
7.58,200.0
7.582,200.0
7.5840000000000005,200.0
7.586,200.0
7.588,200.0
7.59,200.0
7.5920000000000005,200.0
7.594,200.0
7.596,200.0
7.598,200.0
7.6000000000000005,200.0
7.602,200.0
7.604,200.0
7.606,200.0
7.6080000000000005,200.0
7.61,200.0
7.612,200.0
7.614,200.0
7.6160000000000005,200.0
7.618,200.0
7.62,200.0
7.622,200.0
7.6240000000000006,200.0
7.626,200.0
7.628,200.0
7.63,200.0
7.632000000000001,200.0
7.634,200.0
7.636,200.0
7.638,200.0
7.640000000000001,200.0
7.642,200.0
7.644,200.0
7.646,200.0
7.648000000000001,200.0
7.65,200.0
7.652,200.0
7.654,200.0
7.656000000000001,200.0
7.658,200.0
7.66,200.0
7.662,200.0
7.664000000000001,200.0
7.666,200.0
7.668,200.0
7.67,200.0
7.672000000000001,200.0
7.674,200.0
7.676,200.0
7.678,200.0
7.68,200.0
7.682,200.0
7.684,200.0
7.686,200.0
7.688,200.0
7.69,200.0
7.692,200.0
7.694,200.0
7.696,200.0
7.698,200.0
7.7,200.0
7.702,200.0
7.704,200.0
7.706,200.0
7.708,200.0
7.71,200.0
7.712,200.0
7.714,200.0
7.716,200.0
7.718,200.0
7.72,200.0
7.722,200.0
7.724,200.0
7.726,200.0
7.728,200.0
7.73,200.0
7.732,200.0
7.734,200.0
7.736,200.0
7.738,200.0
7.74,200.0
7.742,200.0
7.744,200.0
7.746,200.0
7.748,200.0
7.75,200.0
7.752,200.0
7.7540000000000004,200.0
7.756,200.0
7.758,200.0
7.76,200.0
7.7620000000000005,200.0
7.764,200.0
7.766,200.0
7.768,200.0
7.7700000000000005,200.0
7.772,200.0
7.774,200.0
7.776,200.0
7.7780000000000005,200.0
7.78,200.0
7.782,200.0
7.784,200.0
7.7860000000000005,200.0
7.788,200.0
7.79,200.0
7.792,200.0
7.7940000000000005,200.0
7.796,200.0
7.798,200.0
7.8,200.0
7.8020000000000005,200.0
7.804,200.0
7.806,200.0
7.808,200.0
7.8100000000000005,200.0
7.812,200.0
7.814,200.0
7.816,200.0
7.8180000000000005,200.0
7.82,200.0
7.822,200.0
7.824,200.0
7.8260000000000005,200.0
7.828,200.0
7.83,200.0
7.832,200.0
7.8340000000000005,200.0
7.836,200.0
7.838,200.0
7.84,200.0
7.8420000000000005,200.0
7.844,200.0
7.846,200.0
7.848,200.0
7.8500000000000005,200.0
7.852,200.0
7.854,200.0
7.856,200.0
7.8580000000000005,200.0
7.86,200.0
7.862,200.0
7.864,200.0
7.8660000000000005,200.0
7.868,200.0
7.87,200.0
7.872,200.0
7.8740000000000006,200.0
7.876,200.0
7.878,200.0
7.88,200.0
7.882000000000001,200.0
7.884,200.0
7.886,200.0
7.888,200.0
7.890000000000001,200.0
7.892,200.0
7.894,200.0
7.896,200.0
7.898000000000001,200.0
7.9,200.0
7.902,200.0
7.904,200.0
7.906000000000001,200.0
7.908,200.0
7.91,200.0
7.912,200.0
7.914000000000001,200.0
7.916,200.0
7.918,200.0
7.92,200.0
7.922000000000001,200.0
7.924,200.0
7.926,200.0
7.928,200.0
7.930000000000001,200.0
7.932,200.0
7.934,200.0
7.936,200.0
7.938,200.0
7.94,200.0
7.942,200.0
7.944,200.0
7.946,200.0
7.948,200.0
7.95,200.0
7.952,200.0
7.954,200.0
7.956,200.0
7.958,200.0
7.96,200.0
7.962,200.0
7.964,200.0
7.966,200.0
7.968,200.0
7.97,200.0
7.972,200.0
7.974,200.0
7.976,200.0
7.978,200.0
7.98,200.0
7.982,200.0
7.984,200.0
7.986,200.0
7.988,200.0
7.99,200.0
7.992,200.0
7.994,200.0
7.996,200.0
7.998,200.0
8.0,200.0
8.002,200.0
8.004,200.0
8.006,200.0
8.008000000000001,200.0
8.01,200.0
8.012,200.0
8.014,200.0
8.016,200.0
8.018,200.0
8.02,200.0
8.022,200.0
8.024000000000001,200.0
8.026,200.0
8.028,200.0
8.03,200.0
8.032,200.0
8.034,200.0
8.036,200.0
8.038,200.0
8.040000000000001,200.0
8.042,200.0
8.044,200.0
8.046,200.0
8.048,200.0
8.05,200.0
8.052,200.0
8.054,200.0
8.056000000000001,200.0
8.058,200.0
8.06,200.0
8.062,200.0
8.064,200.0
8.066,200.0
8.068,200.0
8.07,200.0
8.072000000000001,200.0
8.074,200.0
8.076,200.0
8.078,200.0
8.08,200.0
8.082,200.0
8.084,200.0
8.086,200.0
8.088000000000001,200.0
8.09,200.0
8.092,200.0
8.094,200.0
8.096,200.0
8.098,200.0
8.1,200.0
8.102,200.0
8.104000000000001,200.0
8.106,200.0
8.108,200.0
8.11,200.0
8.112,200.0
8.114,200.0
8.116,200.0
8.118,200.0
8.120000000000001,200.0
8.122,200.0
8.124,200.0
8.126,200.0
8.128,200.0
8.13,200.0
8.132,200.0
8.134,200.0
8.136000000000001,200.0
8.138,200.0
8.14,200.0
8.142,200.0
8.144,200.0
8.146,200.0
8.148,200.0
8.15,200.0
8.152000000000001,200.0
8.154,200.0
8.156,200.0
8.158,200.0
8.16,200.0
8.162,200.0
8.164,200.0
8.166,200.0
8.168000000000001,200.0
8.17,200.0
8.172,200.0
8.174,200.0
8.176,200.0
8.178,200.0
8.18,200.0
8.182,200.0
8.184000000000001,200.0
8.186,200.0
8.188,200.0
8.19,200.0
8.192,200.0
8.194,200.0
8.196,200.0
8.198,200.0
8.2,200.0
8.202,200.0
8.204,200.0
8.206,200.0
8.208,200.0
8.21,200.0
8.212,200.0
8.214,200.0
8.216,200.0
8.218,200.0
8.22,200.0
8.222,200.0
8.224,200.0
8.226,200.0
8.228,200.0
8.23,200.0
8.232,200.0
8.234,200.0
8.236,200.0
8.238,200.0
8.24,200.0
8.242,200.0
8.244,200.0
8.246,200.0
8.248,200.0
8.25,200.0
8.252,200.0
8.254,200.0
8.256,200.0
8.258000000000001,200.0
8.26,200.0
8.262,200.0
8.264,200.0
8.266,200.0
8.268,200.0
8.27,200.0
8.272,200.0
8.274000000000001,200.0
8.276,200.0
8.278,200.0
8.28,200.0
8.282,200.0
8.284,200.0
8.286,200.0
8.288,200.0
8.290000000000001,200.0
8.292,200.0
8.294,200.0
8.296,200.0
8.298,200.0
8.3,200.0
8.302,200.0
8.304,200.0
8.306000000000001,200.0
8.308,200.0
8.31,200.0
8.312,200.0
8.314,200.0
8.316,200.0
8.318,200.0
8.32,200.0
8.322000000000001,200.0
8.324,200.0
8.326,200.0
8.328,200.0
8.33,200.0
8.332,200.0
8.334,200.0
8.336,200.0
8.338000000000001,200.0
8.34,200.0
8.342,200.0
8.344,200.0
8.346,200.0
8.348,200.0
8.35,200.0
8.352,200.0
8.354000000000001,200.0
8.356,200.0
8.358,200.0
8.36,200.0
8.362,200.0
8.364,200.0
8.366,200.0
8.368,200.0
8.370000000000001,200.0
8.372,200.0
8.374,200.0
8.376,200.0
8.378,200.0
8.38,200.0
8.382,200.0
8.384,200.0
8.386000000000001,200.0
8.388,200.0
8.39,200.0
8.392,200.0
8.394,200.0
8.396,200.0
8.398,200.0
8.4,200.0
8.402000000000001,200.0
8.404,200.0
8.406,200.0
8.408,200.0
8.41,200.0
8.412,200.0
8.414,200.0
8.416,200.0
8.418000000000001,200.0
8.42,200.0
8.422,200.0
8.424,200.0
8.426,200.0
8.428,200.0
8.43,200.0
8.432,200.0
8.434000000000001,200.0
8.436,200.0
8.438,200.0
8.44,200.0
8.442,200.0
8.444,200.0
8.446,200.0
8.448,200.0
8.45,200.0
8.452,200.0
8.454,200.0
8.456,200.0
8.458,200.0
8.46,200.0
8.462,200.0
8.464,200.0
8.466,200.0
8.468,200.0
8.47,200.0
8.472,200.0
8.474,200.0
8.476,200.0
8.478,200.0
8.48,200.0
8.482,200.0
8.484,200.0
8.486,200.0
8.488,200.0
8.49,200.0
8.492,200.0
8.494,200.0
8.496,200.0
8.498,200.0
8.5,200.0
8.502,200.0
8.504,200.0
8.506,200.0
8.508000000000001,200.0
8.51,200.0
8.512,200.0
8.514,200.0
8.516,200.0
8.518,200.0
8.52,200.0
8.522,200.0
8.524000000000001,200.0
8.526,200.0
8.528,200.0
8.53,200.0
8.532,200.0
8.534,200.0
8.536,200.0
8.538,200.0
8.540000000000001,200.0
8.542,200.0
8.544,200.0
8.546,200.0
8.548,200.0
8.55,200.0
8.552,200.0
8.554,200.0
8.556000000000001,200.0
8.558,200.0
8.56,200.0
8.562,200.0
8.564,200.0
8.566,200.0
8.568,200.0
8.57,200.0
8.572000000000001,200.0
8.574,200.0
8.576,200.0
8.578,200.0
8.58,200.0
8.582,200.0
8.584,200.0
8.586,200.0
8.588000000000001,200.0
8.59,200.0
8.592,200.0
8.594,200.0
8.596,200.0
8.598,200.0
8.6,200.0
8.602,200.0
8.604000000000001,200.0
8.606,200.0
8.608,200.0
8.61,200.0
8.612,200.0
8.614,200.0
8.616,200.0
8.618,200.0
8.620000000000001,200.0
8.622,200.0
8.624,200.0
8.626,200.0
8.628,200.0
8.63,200.0
8.632,200.0
8.634,200.0
8.636000000000001,200.0
8.638,200.0
8.64,200.0
8.642,200.0
8.644,200.0
8.646,200.0
8.648,200.0
8.65,200.0
8.652000000000001,200.0
8.654,200.0
8.656,200.0
8.658,200.0
8.66,200.0
8.662,200.0
8.664,200.0
8.666,200.0
8.668000000000001,200.0
8.67,200.0
8.672,200.0
8.674,200.0
8.676,200.0
8.678,200.0
8.68,200.0
8.682,200.0
8.684000000000001,200.0
8.686,200.0
8.688,200.0
8.69,200.0
8.692,200.0
8.694,200.0
8.696,200.0
8.698,200.0
8.700000000000001,200.0
8.702,200.0
8.704,200.0
8.706,200.0
8.708,200.0
8.71,200.0
8.712,200.0
8.714,200.0
8.716,200.0
8.718,200.0
8.72,200.0
8.722,200.0
8.724,200.0
8.726,200.0
8.728,200.0
8.73,200.0
8.732,200.0
8.734,200.0
8.736,200.0
8.738,200.0
8.74,200.0
8.742,200.0
8.744,200.0
8.746,200.0
8.748,200.0
8.75,200.0
8.752,200.0
8.754,200.0
8.756,200.0
8.758000000000001,200.0
8.76,200.0
8.762,200.0
8.764,200.0
8.766,200.0
8.768,200.0
8.77,200.0
8.772,200.0
8.774000000000001,200.0
8.776,200.0
8.778,200.0
8.78,200.0
8.782,200.0
8.784,200.0
8.786,200.0
8.788,200.0
8.790000000000001,200.0
8.792,200.0
8.794,200.0
8.796,200.0
8.798,200.0
8.8,200.0
8.802,200.0
8.804,200.0
8.806000000000001,200.0
8.808,200.0
8.81,200.0
8.812,200.0
8.814,200.0
8.816,200.0
8.818,200.0
8.82,200.0
8.822000000000001,200.0
8.824,200.0
8.826,200.0
8.828,200.0
8.83,200.0
8.832,200.0
8.834,200.0
8.836,200.0
8.838000000000001,200.0
8.84,200.0
8.842,200.0
8.844,200.0
8.846,200.0
8.848,200.0
8.85,200.0
8.852,200.0
8.854000000000001,200.0
8.856,200.0
8.858,200.0
8.86,200.0
8.862,200.0
8.864,200.0
8.866,200.0
8.868,200.0
8.870000000000001,200.0
8.872,200.0
8.874,200.0
8.876,200.0
8.878,200.0
8.88,200.0
8.882,200.0
8.884,200.0
8.886000000000001,200.0
8.888,200.0
8.89,200.0
8.892,200.0
8.894,200.0
8.896,200.0
8.898,200.0
8.9,200.0
8.902000000000001,200.0
8.904,200.0
8.906,200.0
8.908,200.0
8.91,200.0
8.912,200.0
8.914,200.0
8.916,200.0
8.918000000000001,200.0
8.92,200.0
8.922,200.0
8.924,200.0
8.926,200.0
8.928,200.0
8.93,200.0
8.932,200.0
8.934000000000001,200.0
8.936,200.0
8.938,200.0
8.94,200.0
8.942,200.0
8.944,200.0
8.946,200.0
8.948,200.0
8.950000000000001,200.0
8.952,200.0
8.954,200.0
8.956,200.0
8.958,200.0
8.96,200.0
8.962,200.0
8.964,200.0
8.966,200.0
8.968,200.0
8.97,200.0
8.972,200.0
8.974,200.0
8.976,200.0
8.978,200.0
8.98,200.0
8.982,200.0
8.984,200.0
8.986,200.0
8.988,200.0
8.99,200.0
8.992,200.0
8.994,200.0
8.996,200.0
8.998,200.0
9.0,200.0
9.002,200.0
9.004,200.0
9.006,200.0
9.008000000000001,200.0
9.01,200.0
9.012,200.0
9.014,200.0
9.016,200.0
9.018,200.0
9.02,200.0
9.022,200.0
9.024000000000001,200.0
9.026,200.0
9.028,200.0
9.03,200.0
9.032,200.0
9.034,200.0
9.036,200.0
9.038,200.0
9.040000000000001,200.0
9.042,200.0
9.044,200.0
9.046,200.0
9.048,200.0
9.05,200.0
9.052,200.0
9.054,200.0
9.056000000000001,200.0
9.058,200.0
9.06,200.0
9.062,200.0
9.064,200.0
9.066,200.0
9.068,200.0
9.07,200.0
9.072000000000001,200.0
9.074,200.0
9.076,200.0
9.078,200.0
9.08,200.0
9.082,200.0
9.084,200.0
9.086,200.0
9.088000000000001,200.0
9.09,200.0
9.092,200.0
9.094,200.0
9.096,200.0
9.098,200.0
9.1,200.0
9.102,200.0
9.104000000000001,200.0
9.106,200.0
9.108,200.0
9.11,200.0
9.112,200.0
9.114,200.0
9.116,200.0
9.118,200.0
9.120000000000001,200.0
9.122,200.0
9.124,200.0
9.126,200.0
9.128,200.0
9.13,200.0
9.132,200.0
9.134,200.0
9.136000000000001,200.0
9.138,200.0
9.14,200.0
9.142,200.0
9.144,200.0
9.146,200.0
9.148,200.0
9.15,200.0
9.152000000000001,200.0
9.154,200.0
9.156,200.0
9.158,200.0
9.16,200.0
9.162,200.0
9.164,200.0
9.166,200.0
9.168000000000001,200.0
9.17,200.0
9.172,200.0
9.174,200.0
9.176,200.0
9.178,200.0
9.18,200.0
9.182,200.0
9.184000000000001,200.0
9.186,200.0
9.188,200.0
9.19,200.0
9.192,200.0
9.194,200.0
9.196,200.0
9.198,200.0
9.200000000000001,200.0
9.202,200.0
9.204,200.0
9.206,200.0
9.208,200.0
9.21,200.0
9.212,200.0
9.214,200.0
9.216000000000001,200.0
9.218,200.0
9.22,200.0
9.222,200.0
9.224,200.0
9.226,200.0
9.228,200.0
9.23,200.0
9.232,200.0
9.234,200.0
9.236,200.0
9.238,200.0
9.24,200.0
9.242,200.0
9.244,200.0
9.246,200.0
9.248,200.0
9.25,200.0
9.252,200.0
9.254,200.0
9.256,200.0
9.258000000000001,200.0
9.26,200.0
9.262,200.0
9.264,200.0
9.266,200.0
9.268,200.0
9.27,200.0
9.272,200.0
9.274000000000001,200.0
9.276,200.0
9.278,200.0
9.28,200.0
9.282,200.0
9.284,200.0
9.286,200.0
9.288,200.0
9.290000000000001,200.0
9.292,200.0
9.294,200.0
9.296,200.0
9.298,200.0
9.3,200.0
9.302,200.0
9.304,200.0
9.306000000000001,200.0
9.308,200.0
9.31,200.0
9.312,200.0
9.314,200.0
9.316,200.0
9.318,200.0
9.32,200.0
9.322000000000001,200.0
9.324,200.0
9.326,200.0
9.328,200.0
9.33,200.0
9.332,200.0
9.334,200.0
9.336,200.0
9.338000000000001,200.0
9.34,200.0
9.342,200.0
9.344,200.0
9.346,200.0
9.348,200.0
9.35,200.0
9.352,200.0
9.354000000000001,200.0
9.356,200.0
9.358,200.0
9.36,200.0
9.362,200.0
9.364,200.0
9.366,200.0
9.368,200.0
9.370000000000001,200.0
9.372,200.0
9.374,200.0
9.376,200.0
9.378,200.0
9.38,200.0
9.382,200.0
9.384,200.0
9.386000000000001,200.0
9.388,200.0
9.39,200.0
9.392,200.0
9.394,200.0
9.396,200.0
9.398,200.0
9.4,200.0
9.402000000000001,200.0
9.404,200.0
9.406,200.0
9.408,200.0
9.41,200.0
9.412,200.0
9.414,200.0
9.416,200.0
9.418000000000001,200.0
9.42,200.0
9.422,200.0
9.424,200.0
9.426,200.0
9.428,200.0
9.43,200.0
9.432,200.0
9.434000000000001,200.0
9.436,200.0
9.438,200.0
9.44,200.0
9.442,200.0
9.444,200.0
9.446,200.0
9.448,200.0
9.450000000000001,200.0
9.452,200.0
9.454,200.0
9.456,200.0
9.458,200.0
9.46,200.0
9.462,200.0
9.464,200.0
9.466000000000001,200.0
9.468,200.0
9.47,200.0
9.472,200.0
9.474,200.0
9.476,200.0
9.478,200.0
9.48,200.0
9.482,200.0
9.484,200.0
9.486,200.0
9.488,200.0
9.49,200.0
9.492,200.0
9.494,200.0
9.496,200.0
9.498,200.0
9.5,200.0
9.502,200.0
9.504,200.0
9.506,200.0
9.508000000000001,200.0
9.51,200.0
9.512,200.0
9.514,200.0
9.516,200.0
9.518,200.0
9.52,200.0
9.522,200.0
9.524000000000001,200.0
9.526,200.0
9.528,200.0
9.53,200.0
9.532,200.0
9.534,200.0
9.536,200.0
9.538,200.0
9.540000000000001,200.0
9.542,200.0
9.544,200.0
9.546,200.0
9.548,200.0
9.55,200.0
9.552,200.0
9.554,200.0
9.556000000000001,200.0
9.558,200.0
9.56,200.0
9.562,200.0
9.564,200.0
9.566,200.0
9.568,200.0
9.57,200.0
9.572000000000001,200.0
9.574,200.0
9.576,200.0
9.578,200.0
9.58,200.0
9.582,200.0
9.584,200.0
9.586,200.0
9.588000000000001,200.0
9.59,200.0
9.592,200.0
9.594,200.0
9.596,200.0
9.598,200.0
9.6,200.0
9.602,200.0
9.604000000000001,200.0
9.606,200.0
9.608,200.0
9.61,200.0
9.612,200.0
9.614,200.0
9.616,200.0
9.618,200.0
9.620000000000001,200.0
9.622,200.0
9.624,200.0
9.626,200.0
9.628,200.0
9.63,200.0
9.632,200.0
9.634,200.0
9.636000000000001,200.0
9.638,200.0
9.64,200.0
9.642,200.0
9.644,200.0
9.646,200.0
9.648,200.0
9.65,200.0
9.652000000000001,200.0
9.654,200.0
9.656,200.0
9.658,200.0
9.66,200.0
9.662,200.0
9.664,200.0
9.666,200.0
9.668000000000001,200.0
9.67,200.0
9.672,200.0
9.674,200.0
9.676,200.0
9.678,200.0
9.68,200.0
9.682,200.0
9.684000000000001,200.0
9.686,200.0
9.688,200.0
9.69,200.0
9.692,200.0
9.694,200.0
9.696,200.0
9.698,200.0
9.700000000000001,200.0
9.702,200.0
9.704,200.0
9.706,200.0
9.708,200.0
9.71,200.0
9.712,200.0
9.714,200.0
9.716000000000001,200.0
9.718,200.0
9.72,200.0
9.722,200.0
9.724,200.0
9.726,200.0
9.728,200.0
9.73,200.0
9.732,200.0
9.734,200.0
9.736,200.0
9.738,200.0
9.74,200.0
9.742,200.0
9.744,200.0
9.746,200.0
9.748,200.0
9.75,200.0
9.752,200.0
9.754,200.0
9.756,200.0
9.758000000000001,200.0
9.76,200.0
9.762,200.0
9.764,200.0
9.766,200.0
9.768,200.0
9.77,200.0
9.772,200.0
9.774000000000001,200.0
9.776,200.0
9.778,200.0
9.78,200.0
9.782,200.0
9.784,200.0
9.786,200.0
9.788,200.0
9.790000000000001,200.0
9.792,200.0
9.794,200.0
9.796,200.0
9.798,200.0
9.8,200.0
9.802,200.0
9.804,200.0
9.806000000000001,200.0
9.808,200.0
9.81,200.0
9.812,200.0
9.814,200.0
9.816,200.0
9.818,200.0
9.82,200.0
9.822000000000001,200.0
9.824,200.0
9.826,200.0
9.828,200.0
9.83,200.0
9.832,200.0
9.834,200.0
9.836,200.0
9.838000000000001,200.0
9.84,200.0
9.842,200.0
9.844,200.0
9.846,200.0
9.848,200.0
9.85,200.0
9.852,200.0
9.854000000000001,200.0
9.856,200.0
9.858,200.0
9.86,200.0
9.862,200.0
9.864,200.0
9.866,200.0
9.868,200.0
9.870000000000001,200.0
9.872,200.0
9.874,200.0
9.876,200.0
9.878,200.0
9.88,200.0
9.882,200.0
9.884,200.0
9.886000000000001,200.0
9.888,200.0
9.89,200.0
9.892,200.0
9.894,200.0
9.896,200.0
9.898,200.0
9.9,200.0
9.902000000000001,200.0
9.904,200.0
9.906,200.0
9.908,200.0
9.91,200.0
9.912,200.0
9.914,200.0
9.916,200.0
9.918000000000001,200.0
9.92,200.0
9.922,200.0
9.924,200.0
9.926,200.0
9.928,200.0
9.93,200.0
9.932,200.0
9.934000000000001,200.0
9.936,200.0
9.938,200.0
9.94,200.0
9.942,200.0
9.944,200.0
9.946,200.0
9.948,200.0
9.950000000000001,200.0
9.952,200.0
9.954,200.0
9.956,200.0
9.958,200.0
9.96,200.0
9.962,200.0
9.964,200.0
9.966000000000001,200.0
9.968,200.0
9.97,200.0
9.972,200.0
9.974,200.0
9.976,200.0
9.978,200.0
9.98,200.0
9.982000000000001,200.0
9.984,200.0
9.986,200.0
9.988,200.0
9.99,200.0
9.992,200.0
9.994,200.0
9.996,200.0
9.998,200.0
10.0,200.0
10.002,200.0
10.004,200.0
10.006,200.0
10.008000000000001,200.0
10.01,200.0
10.012,200.0
10.014,200.0
10.016,200.0
10.018,200.0
10.02,200.0
10.022,200.0
10.024000000000001,200.0
10.026,200.0
10.028,200.0
10.03,200.0
10.032,200.0
10.034,200.0
10.036,200.0
10.038,200.0
10.040000000000001,200.0
10.042,200.0
10.044,200.0
10.046,200.0
10.048,200.0
10.05,200.0
10.052,200.0
10.054,200.0
10.056000000000001,200.0
10.058,200.0
10.06,200.0
10.062,200.0
10.064,200.0
10.066,200.0
10.068,200.0
10.07,200.0
10.072000000000001,200.0
10.074,200.0
10.076,200.0
10.078,200.0
10.08,200.0
10.082,200.0
10.084,200.0
10.086,200.0
10.088000000000001,200.0
10.09,200.0
10.092,200.0
10.094,200.0
10.096,200.0
10.098,200.0
10.1,200.0
10.102,200.0
10.104000000000001,200.0
10.106,200.0
10.108,200.0
10.11,200.0
10.112,200.0
10.114,200.0
10.116,200.0
10.118,200.0
10.120000000000001,200.0
10.122,200.0
10.124,200.0
10.126,200.0
10.128,200.0
10.13,200.0
10.132,200.0
10.134,200.0
10.136000000000001,200.0
10.138,200.0
10.14,200.0
10.142,200.0
10.144,200.0
10.146,200.0
10.148,200.0
10.15,200.0
10.152000000000001,200.0
10.154,200.0
10.156,200.0
10.158,200.0
10.16,200.0
10.162,200.0
10.164,200.0
10.166,200.0
10.168000000000001,200.0
10.17,200.0
10.172,200.0
10.174,200.0
10.176,200.0
10.178,200.0
10.18,200.0
10.182,200.0
10.184000000000001,200.0
10.186,200.0
10.188,200.0
10.19,200.0
10.192,200.0
10.194,200.0
10.196,200.0
10.198,200.0
10.200000000000001,200.0
10.202,200.0
10.204,200.0
10.206,200.0
10.208,200.0
10.21,200.0
10.212,200.0
10.214,200.0
10.216000000000001,200.0
10.218,200.0
10.22,200.0
10.222,200.0
10.224,200.0
10.226,200.0
10.228,200.0
10.23,200.0
10.232000000000001,200.0
10.234,200.0
10.236,200.0
10.238,200.0
10.24,200.0
10.242,200.0
10.244,200.0
10.246,200.0
10.248,200.0
10.25,200.0
10.252,200.0
10.254,200.0
10.256,200.0
10.258000000000001,200.0
10.26,200.0
10.262,200.0
10.264,200.0
10.266,200.0
10.268,200.0
10.27,200.0
10.272,200.0
10.274000000000001,200.0
10.276,200.0
10.278,200.0
10.28,200.0
10.282,200.0
10.284,200.0
10.286,200.0
10.288,200.0
10.290000000000001,200.0
10.292,200.0
10.294,200.0
10.296,200.0
10.298,200.0
10.3,200.0
10.302,200.0
10.304,200.0
10.306000000000001,200.0
10.308,200.0
10.31,200.0
10.312,200.0
10.314,200.0
10.316,200.0
10.318,200.0
10.32,200.0
10.322000000000001,200.0
10.324,200.0
10.326,200.0
10.328,200.0
10.33,200.0
10.332,200.0
10.334,200.0
10.336,200.0
10.338000000000001,200.0
10.34,200.0
10.342,200.0
10.344,200.0
10.346,200.0
10.348,200.0
10.35,200.0
10.352,200.0
10.354000000000001,200.0
10.356,200.0
10.358,200.0
10.36,200.0
10.362,200.0
10.364,200.0
10.366,200.0
10.368,200.0
10.370000000000001,200.0
10.372,200.0
10.374,200.0
10.376,200.0
10.378,200.0
10.38,200.0
10.382,200.0
10.384,200.0
10.386000000000001,200.0
10.388,200.0
10.39,200.0
10.392,200.0
10.394,200.0
10.396,200.0
10.398,200.0
10.4,200.0
10.402000000000001,200.0
10.404,200.0
10.406,200.0
10.408,200.0
10.41,200.0
10.412,200.0
10.414,200.0
10.416,200.0
10.418000000000001,200.0
10.42,200.0
10.422,200.0
10.424,200.0
10.426,200.0
10.428,200.0
10.43,200.0
10.432,200.0
10.434000000000001,200.0
10.436,200.0
10.438,200.0
10.44,200.0
10.442,200.0
10.444,200.0
10.446,200.0
10.448,200.0
10.450000000000001,200.0
10.452,200.0
10.454,200.0
10.456,200.0
10.458,200.0
10.46,200.0
10.462,200.0
10.464,200.0
10.466000000000001,200.0
10.468,200.0
10.47,200.0
10.472,200.0
10.474,200.0
10.476,200.0
10.478,200.0
10.48,200.0
10.482000000000001,200.0
10.484,200.0
10.486,200.0
10.488,200.0
10.49,200.0
10.492,200.0
10.494,200.0
10.496,200.0
10.498,200.0
10.5,200.0
10.502,200.0
10.504,200.0
10.506,200.0
10.508000000000001,200.0
10.51,200.0
10.512,200.0
10.514,200.0
10.516,200.0
10.518,200.0
10.52,200.0
10.522,200.0
10.524000000000001,200.0
10.526,200.0
10.528,200.0
10.53,200.0
10.532,200.0
10.534,200.0
10.536,200.0
10.538,200.0
10.540000000000001,200.0
10.542,200.0
10.544,200.0
10.546,200.0
10.548,200.0
10.55,200.0
10.552,200.0
10.554,200.0
10.556000000000001,200.0
10.558,200.0
10.56,200.0
10.562,200.0
10.564,200.0
10.566,200.0
10.568,200.0
10.57,200.0
10.572000000000001,200.0
10.574,200.0
10.576,200.0
10.578,200.0
10.58,200.0
10.582,200.0
10.584,200.0
10.586,200.0
10.588000000000001,200.0
10.59,200.0
10.592,200.0
10.594,200.0
