0,NaN
0.01,NaN
0.02,NaN
0.03,NaN
0.035,NaN
0.043,NaN
0.053,NaN
0.063,NaN
0.073,NaN
0.083,NaN
0.093,NaN
0.103,NaN
0.112,NaN
0.122,NaN
0.132,NaN
0.143,NaN
0.153,NaN
0.163,NaN
0.173,NaN
0.183,NaN
0.192,NaN
0.202,NaN
0.212,NaN
0.222,NaN
0.232,NaN
0.242,NaN
0.252,NaN
0.262,NaN
0.272,NaN
0.282,NaN
0.292,NaN
0.302,NaN
0.312,NaN
0.322,NaN
0.332,NaN
0.342,NaN
0.352,NaN
0.362,NaN
0.372,NaN
0.376,NaN
0.382,NaN
0.391,NaN
0.401,NaN
0.411,NaN
0.421,NaN
0.431,NaN
0.441,NaN
0.451,NaN
0.461,NaN
0.471,NaN
0.481,NaN
0.491,NaN
0.501,NaN
0.511,NaN
0.521,NaN
0.525,NaN
0.531,NaN
0.54,NaN
0.55,NaN
0.56,NaN
0.57,NaN
0.58,NaN
0.59,NaN
0.6,NaN
0.61,NaN
0.62,NaN
0.63,NaN
0.64,NaN
0.65,NaN
0.66,NaN
0.67,NaN
0.68,NaN
0.69,NaN
0.7,NaN
0.71,NaN
0.72,NaN
0.73,NaN
0.74,NaN
0.75,NaN
0.76,NaN
0.77,NaN
0.78,NaN
0.79,NaN
0.8,NaN
0.81,0.535
0.825,0.538
0.848,0.542
0.881,0.544
0.927,0.54
0.977,0.536
1.027,0.528
1.077,0.521
1.127,0.513
1.177,0.498
1.207,0.498
1.252,0.493
1.302,0.485
1.352,0.476
1.402,0.468
1.452,0.451
1.46,0.451
1.472,0.452
1.49,0.451
1.517,0.455
1.557,0.463
1.608,0.47
1.658,0.476
1.708,0.481
1.758,0.486
1.808,0.489
1.858,0.491
1.908,0.485
1.932,0.488
1.969,0.491
2.019,0.488
2.069,0.485
2.119,0.48
2.169,0.475
2.219,0.469
2.269,0.459
2.291,0.458
2.324,0.46
2.374,0.464
2.424,0.469
2.474,0.473
2.524,0.477
2.574,0.478
2.623,0.479
2.673,0.478
2.723,0.475
2.773,0.468
2.789,0.468
2.813,0.467
2.849,0.465
2.899,0.46
2.949,0.46
2.999,0.465
3.051,0.468
3.101,0.471
3.151,0.472
3.201,0.472
3.251,0.471
3.301,0.465
3.322,0.465
3.354,0.464
3.401,0.46
3.451,0.459
3.501,0.462
3.551,0.466
3.601,0.464
3.62,0.466
3.649,0.468
3.692,0.468
3.742,0.466
3.792,0.463
3.842,0.458
3.856,0.457
3.877,0.456
3.908,0.458
3.954,0.462
4.004,0.464
4.054,0.465
4.104,0.465
4.154,0.464
4.204,0.462
4.254,0.459
4.304,0.455
4.328,0.457
4.363,0.461
4.413,0.463
4.463,0.463
4.513,0.463
4.563,0.461
4.613,0.458
4.643,0.457
4.687,0.458
4.737,0.46
4.787,0.461
4.837,0.462
4.887,0.461
4.937,0.459
4.987,0.455
4.992,0.454
4.999,0.455
5.009,0.455
5.025,0.455
5.048,0.456
5.082,0.458
5.132,0.457
5.141,0.457
5.154,0.459
5.173,0.459
5.203,0.46
5.246,0.459
5.296,0.457
5.346,0.456
5.386,0.457
5.436,0.459
5.486,0.459
5.536,0.458
5.586,0.456
5.636,0.454
5.686,0.453
5.727,0.454
5.777,0.457
5.827,0.457
5.877,0.456
5.927,0.455
5.977,0.453
6.027,0.453
6.077,0.454
6.127,0.454
6.177,0.454
6.227,0.453
6.277,0.452
6.327,0.451
6.377,0.451
6.427,0.452
6.477,0.452
6.527,0.452
6.577,0.451
6.627,0.45
6.677,0.449
6.727,0.449
6.777,0.45
6.827,0.45
6.877,0.45
6.927,0.449
6.977,0.448
7.027,0.447
7.077,0.447
7.127,0.448
7.177,0.448
7.227,0.448
7.277,0.448
7.327,0.447
7.377,0.446
7.427,0.445
7.477,0.446
7.527,0.446
7.577,0.446
7.627,0.446
7.677,0.446
7.727,0.445
7.777,0.444
7.827,0.443
7.877,0.444
7.927,0.444
7.977,0.444
8.027,0.444
8.077,0.444
8.127,0.443
8.177,0.442
8.227,0.442
8.277,0.442
8.327,0.442
8.377,0.442
8.427,0.442
8.477,0.442
8.527,0.441
8.577,0.441
8.627,0.44
8.677,0.44
8.727,0.44
8.777,0.441
8.827,0.441
8.877,0.44
8.927,0.44
8.977,0.439
9.027,0.439
9.077,0.438
9.127,0.438
9.177,0.439
9.227,0.439
9.277,0.439
9.327,0.438
9.377,0.438
9.427,0.438
9.477,0.437
9.527,0.437
9.577,0.437
9.627,0.437
9.677,0.437
9.727,0.437
9.777,0.437
9.827,0.437
9.877,0.436
9.927,0.436
9.977,0.435
10.027,0.435
10.077,0.435
10.127,0.435
10.177,0.435
10.227,0.435
10.277,0.435
10.327,0.435
10.377,0.434
10.427,0.434
10.477,0.433
10.527,0.433
10.577,0.433
10.627,0.434
10.677,0.434
10.727,0.434
10.777,0.433
10.827,0.433
10.877,0.433
10.927,0.432
10.977,0.432
11.027,0.432
11.077,0.432
11.127,0.432
11.177,0.432
11.227,0.432
11.277,0.432
11.327,0.432
11.377,0.431
11.427,0.431
11.477,0.431
11.527,0.43
11.577,0.43
11.627,0.43
11.677,0.43
11.727,0.431
11.777,0.431
11.827,0.431
11.877,0.43
11.927,0.43
11.977,0.43
12.027,0.43
12.077,0.429
12.127,0.429
12.177,0.429
12.227,0.429
12.277,0.429
12.327,0.429
12.377,0.429
12.427,0.429
12.477,0.429
12.527,0.428
12.577,0.428
12.627,0.428
12.677,0.428
12.727,0.428
12.777,0.428
12.827,0.428
12.877,0.428
12.927,0.428
12.977,0.428
13.027,0.428
13.077,0.428
13.127,0.428
13.177,0.428
13.227,0.427
13.277,0.427
13.327,0.427
13.377,0.427
13.427,0.426
13.477,0.426
13.527,0.426
13.577,0.426
13.627,0.426
13.677,0.426
13.727,0.426
13.777,0.426
13.827,0.426
13.877,0.426
13.927,0.426
13.977,0.426
14.027,0.425
14.077,0.426
14.127,0.426
14.177,0.426
14.227,0.426
14.277,0.426
14.327,0.426
14.377,0.426
14.427,0.426
14.477,0.426
14.527,0.426
14.577,0.426
14.627,0.426
14.677,0.426
14.727,0.426
14.777,0.426
14.827,0.425
14.877,0.425
14.927,0.425
14.977,0.425
15.027,0.425
15.077,0.425
15.127,0.425
15.177,0.424
15.227,0.424
15.277,0.424
15.327,0.424
15.377,0.424
15.427,0.424
15.477,0.425
15.527,0.425
15.577,0.425
15.627,0.425
15.677,0.425
15.727,0.425
15.777,0.425
15.827,0.425
15.877,0.426
15.927,0.426
15.977,0.426
16.027,0.426
16.077,0.426
16.127,0.426
16.177,0.426
16.227,0.426
16.277,0.426
16.327,0.426
16.377,0.426
16.427,0.426
16.477,0.426
16.527,0.426
16.577,0.426
16.627,0.426
16.677,0.426
16.727,0.426
16.777,0.426
16.827,0.426
16.877,0.426
16.927,0.426
16.977,0.426
17.027,0.427
17.077,0.427
17.127,0.427
17.177,0.427
17.227,0.427
17.277,0.427
17.327,0.427
17.377,0.428
17.427,0.428
17.477,0.428
17.527,0.428
17.577,0.429
17.627,0.429
17.677,0.429
17.727,0.429
17.777,0.43
17.827,0.43
17.877,0.43
17.927,0.431
17.977,0.431
18.027,0.431
18.077,0.431
18.127,0.432
18.177,0.432
18.227,0.432
18.277,0.433
18.327,0.433
18.377,0.433
18.427,0.434
18.477,0.434
18.527,0.434
18.577,0.434
18.627,0.435
18.677,0.435
18.727,0.435
18.777,0.436
18.827,0.436
18.877,0.436
18.927,0.437
18.977,0.437
19.027,0.437
19.077,0.438
19.127,0.438
19.177,0.439
19.227,0.439
19.277,0.44
19.327,0.44
19.377,0.44
19.427,0.441
19.477,0.441
19.527,0.442
19.577,0.443
19.627,0.443
19.677,0.444
19.727,0.444
19.777,0.445
19.827,0.446
19.877,0.446
19.927,0.447
19.977,0.448
20.027,0.448
20.077,0.449
20.127,0.45
20.177,0.45
20.227,0.451
20.277,0.452
20.327,0.453
20.377,0.454
20.427,0.454
20.477,0.455
20.527,0.456
20.577,0.457
20.627,0.458
20.677,0.459
20.727,0.46
20.777,0.46
20.827,0.461
20.877,0.462
20.927,0.463
20.977,0.464
21.027,0.465
21.077,0.466
21.127,0.467
21.177,0.468
21.227,0.469
21.277,0.469
21.327,0.47
21.377,0.471
21.427,0.472
21.477,0.473
21.527,0.474
21.577,0.475
21.627,0.475
21.677,0.476
21.727,0.477
21.777,0.478
21.827,0.478
21.877,0.479
21.927,0.48
21.977,0.48
22.027,0.481
22.077,0.482
22.127,0.482
22.177,0.483
22.227,0.483
22.277,0.484
22.327,0.484
22.377,0.484
22.427,0.485
22.477,0.485
22.527,0.485
22.577,0.485
22.627,0.485
22.677,0.485
22.727,0.485
22.777,0.485
22.827,0.485
22.877,0.485
22.927,0.484
22.977,0.484
23.027,0.484
23.077,0.483
23.127,0.483
23.177,0.482
23.227,0.482
23.277,0.481
23.327,0.48
23.377,0.479
23.427,0.478
23.477,0.477
23.527,0.476
23.577,NaN
23.632,NaN
23.689,NaN
23.748,NaN
23.81,NaN
23.875,NaN
23.943,NaN
24.013,NaN
24.087,NaN
24.163,NaN
24.243,NaN
24.327,NaN
24.414,NaN
24.504,NaN
24.599,NaN
24.697,NaN
24.8,NaN
24.906,NaN
25.017,NaN
25.132,NaN
25.252,NaN
25.377,NaN
25.507,NaN
25.642,NaN
25.783,NaN
25.93,NaN
26.084,NaN
26.246,NaN
26.415,NaN
26.594,NaN
26.783,NaN
26.983,NaN
27.197,NaN
27.426,NaN
27.673,NaN
27.943,NaN
28.239,NaN
28.568,NaN
28.939,NaN
29.365,NaN
29.865,NaN
30.365,NaN
30.865,NaN
31.365,NaN
31.865,NaN
32.365,NaN
32.865,NaN
33.365,NaN
33.865,NaN
34.365,NaN
34.865,NaN
35.365,NaN
35.865,NaN
36.365,NaN
36.865,NaN
37.365,NaN
37.865,NaN
38.365,NaN
38.865,NaN
39.365,NaN
39.865,NaN
40.365,NaN
40.865,NaN
41.365,NaN
41.865,NaN
42.365,NaN
42.865,NaN
43.365,NaN
43.865,NaN
44.365,NaN
44.865,NaN
45.365,NaN
45.865,NaN
46.365,NaN
46.865,NaN
47.365,NaN
47.865,NaN
48.365,NaN
48.865,NaN
49.365,NaN
49.865,NaN
50.365,NaN
50.865,NaN
51.365,NaN
51.865,NaN
52.365,NaN
52.865,NaN
53.365,NaN
53.865,NaN
54.365,NaN
54.865,NaN
55.365,NaN
55.865,NaN
56.365,NaN
56.865,NaN
57.365,NaN
57.865,NaN
58.365,NaN
58.865,NaN
59.365,NaN
59.865,NaN
60.365,NaN
60.865,NaN
61.365,NaN
61.865,NaN
62.365,NaN
62.865,NaN
63.365,NaN
63.865,NaN
64.365,NaN
64.865,NaN
65.365,NaN
65.865,NaN
66.365,NaN
66.865,NaN
67.365,NaN
67.865,NaN
68.365,NaN
68.366,NaN
68.377,NaN
68.389,NaN
68.402,NaN
68.416,NaN
68.432,NaN
68.449,NaN
68.468,NaN
68.49,NaN
68.515,NaN
68.543,NaN
68.575,NaN
68.613,NaN
68.659,NaN
68.714,NaN
68.785,NaN
68.878,NaN
69.011,NaN
69.23,NaN
69.625,NaN
70.056,NaN
70.488,NaN
70.92,NaN
71.352,NaN
71.785,NaN
72.217,NaN
72.648,NaN
73.08,NaN
73.512,NaN
73.944,NaN
74.375,NaN
74.807,NaN
75.238,NaN
75.67,NaN
76.101,NaN
76.532,NaN
76.963,NaN
77.394,NaN
77.825,NaN
78.256,NaN
78.687,NaN
79.118,NaN
79.548,NaN
79.979,NaN
80.41,NaN
80.84,NaN
81.27,NaN
81.701,NaN
82.131,NaN
82.561,NaN
82.991,NaN
83.421,NaN
83.851,NaN
84.281,NaN
84.71,NaN
85.14,NaN
85.57,NaN
85.999,NaN
86.428,NaN
86.858,NaN
87.287,NaN
87.716,NaN
88.145,NaN
88.574,NaN
89.003,NaN
89.432,NaN
89.861,NaN
90.29,NaN
90.718,NaN
91.147,NaN
91.576,NaN
92.004,NaN
92.432,NaN
92.861,NaN
93.289,NaN
93.717,NaN
94.145,NaN
94.573,NaN
95.001,NaN
95.429,NaN
95.856,NaN
96.284,NaN
96.712,NaN
97.139,NaN
97.567,NaN
97.994,NaN
98.421,NaN
98.849,NaN
99.276,NaN
99.703,NaN
100.13,NaN
100.557,NaN
100.984,NaN
101.41,NaN
101.837,NaN
102.264,NaN
102.69,NaN
103.117,NaN
103.543,NaN
103.969,NaN
104.396,NaN
104.822,NaN
105.248,NaN
105.674,NaN
106.1,NaN
106.526,NaN
106.952,NaN
107.377,NaN
107.803,NaN
108.229,NaN
108.654,NaN
109.08,NaN
109.505,NaN
109.93,NaN
110.356,NaN
110.781,NaN
111.206,NaN
111.631,NaN
112.056,NaN
112.481,NaN
112.906,NaN
113.33,NaN
113.755,NaN
114.18,NaN
114.604,NaN
115.028,NaN
115.453,NaN
115.877,NaN
116.301,NaN
116.726,NaN
117.15,NaN
117.574,NaN
117.998,NaN
118.421,NaN
118.845,NaN
119.269,NaN
119.693,NaN
120.116,NaN
120.54,NaN
120.963,NaN
121.387,NaN
121.81,NaN
122.233,NaN
122.656,NaN
123.079,NaN
123.502,NaN
123.925,NaN
124.348,NaN
124.771,NaN
125.194,NaN
125.616,NaN
126.039,NaN
126.462,NaN
126.884,NaN
127.306,NaN
127.729,NaN
128.151,NaN
128.573,NaN
128.995,NaN
129.417,NaN
129.839,NaN
130.261,NaN
130.683,NaN
131.105,NaN
131.526,NaN
131.948,NaN
132.369,NaN
132.791,NaN
133.212,NaN
133.633,NaN
134.055,NaN
134.476,NaN
134.897,NaN
135.318,NaN
135.739,NaN
136.16,NaN
136.58,NaN
137.001,NaN
137.422,NaN
137.842,NaN
138.263,NaN
138.683,NaN
139.104,NaN
139.524,NaN
139.944,NaN
140.364,NaN
140.784,NaN
141.204,NaN
141.624,NaN
142.044,NaN
142.464,NaN
142.883,NaN
143.303,NaN
143.723,NaN
144.142,NaN
144.562,NaN
144.981,NaN
145.4,NaN
145.819,NaN
146.238,NaN
146.658,NaN
147.077,NaN
147.495,NaN
147.914,NaN
148.333,NaN
148.752,NaN
149.17,NaN
149.589,NaN
150.008,NaN
150.426,NaN
150.844,NaN
151.263,NaN
151.681,NaN
152.099,NaN
152.517,NaN
152.935,NaN
153.353,NaN
153.771,NaN
154.189,NaN
154.606,NaN
155.024,NaN
155.442,NaN
155.859,NaN
156.277,NaN
156.694,NaN
157.111,NaN
157.529,NaN
157.946,NaN
158.363,NaN
158.78,NaN
159.197,NaN
159.614,NaN
160.031,NaN
160.447,NaN
160.864,NaN
161.281,NaN
161.697,NaN
162.114,NaN
162.53,NaN
162.947,NaN
163.363,NaN
163.779,NaN
164.195,NaN
164.611,NaN
165.027,NaN
165.443,NaN
165.859,NaN
166.275,NaN
166.691,NaN
167.106,NaN
167.522,NaN
167.938,NaN
168.353,NaN
168.769,NaN
169.184,NaN
169.599,NaN
170.014,NaN
170.43,NaN
170.845,NaN
171.26,NaN
171.675,NaN
172.089,NaN
172.504,NaN
172.919,NaN
173.334,NaN
173.748,NaN
174.163,NaN
174.577,NaN
174.992,NaN
175.406,NaN
175.82,NaN
176.235,NaN
176.649,NaN
177.063,NaN
177.477,NaN
177.891,NaN
178.305,NaN
178.718,NaN
179.132,NaN
179.546,NaN
179.96,NaN
180.373,NaN
180.787,NaN
181.2,NaN
181.613,NaN
182.027,NaN
182.44,NaN
182.853,NaN
183.266,NaN
183.679,NaN
184.092,NaN
184.505,NaN
184.918,NaN
185.331,NaN
185.744,NaN
186.156,NaN
186.569,NaN
186.981,NaN
187.394,NaN
187.806,NaN
188.033,NaN
